order_id,customer_id,order_status,order_purchase_timestamp,order_approved_at,order_delivered_carrier_date,order_delivered_customer_date,order_estimated_delivery_date
e481f51cbdc54678b7cc49136f2d6af7,9ef432eb6251297304e76186b10a928d,delivered,10/2/2017 10:56,10/2/2017 11:07,10/4/2017 19:55,10/10/2017 21:25,10/18/2017 0:00
53cdb2fc8bc7dce0b6741e2150273451,b0830fb4747a6c6d20dea0b8c802d7ef,delivered,7/24/2018 20:41,7/26/2018 3:24,7/26/2018 14:31,8/7/2018 15:27,8/13/2018 0:00
47770eb9100c2d0c44946d9cf07ec65d,41ce2a54c0b03bf3443c3d931a367089,delivered,8/8/2018 8:38,8/8/2018 8:55,8/8/2018 13:50,8/17/2018 18:06,9/4/2018 0:00
949d5b44dbf5de918fe9c16f97b45f8a,f88197465ea7920adcdbec7375364d82,delivered,11/18/2017 19:28,11/18/2017 19:45,11/22/2017 13:39,12/2/2017 0:28,12/15/2017 0:00
ad21c59c0840e6cb83a9ceb5573f8159,8ab97904e6daea8866dbdbc4fb7aad2c,delivered,2/13/2018 21:18,2/13/2018 22:20,2/14/2018 19:46,2/16/2018 18:17,2/26/2018 0:00
a4591c265e18cb1dcee52889e2d8acc3,503740e9ca751ccdda7ba28e9ab8f608,delivered,7/9/2017 21:57,7/9/2017 22:10,7/11/2017 14:58,7/26/2017 10:57,8/1/2017 0:00
136cce7faa42fdb2cefd53fdc79a6098,ed0271e0b7da060a393796590e7b737a,invoiced,4/11/2017 12:22,4/13/2017 13:25,,,5/9/2017 0:00
6514b8ad8028c9f2cc2374ded245783f,9bdf08b4b3b52b5526ff42d37d47f222,delivered,5/16/2017 13:10,5/16/2017 13:22,5/22/2017 10:07,5/26/2017 12:55,6/7/2017 0:00
76c6e866289321a7c93b82b54852dc33,f54a9f0e6b351c431402b8461ea51999,delivered,1/23/2017 18:29,1/25/2017 2:50,1/26/2017 14:16,2/2/2017 14:08,3/6/2017 0:00
e69bfb5eb88e0ed6a785585b27e16dbf,31ad1d1b63eb9962463f764d4e6e0c9d,delivered,7/29/2017 11:55,7/29/2017 12:05,8/10/2017 19:45,8/16/2017 17:14,8/23/2017 0:00
e6ce16cb79ec1d90b1da9085a6118aeb,494dded5b201313c64ed7f100595b95c,delivered,5/16/2017 19:41,5/16/2017 19:50,5/18/2017 11:40,5/29/2017 11:18,6/7/2017 0:00
34513ce0c4fab462a55830c0989c7edb,7711cf624183d843aafe81855097bc37,delivered,7/13/2017 19:58,7/13/2017 20:10,7/14/2017 18:43,7/19/2017 14:04,8/8/2017 0:00
82566a660a982b15fb86e904c8d32918,d3e3b74c766bc6214e0c830b17ee2341,delivered,6/7/2018 10:06,6/9/2018 3:13,6/11/2018 13:29,6/19/2018 12:05,7/18/2018 0:00
5ff96c15d0b717ac6ad1f3d77225a350,19402a48fe860416adf93348aba37740,delivered,7/25/2018 17:44,7/25/2018 17:55,7/26/2018 13:16,7/30/2018 15:52,8/8/2018 0:00
432aaf21d85167c2c86ec9448c4e42cc,3df704f53d3f1d4818840b34ec672a9f,delivered,3/1/2018 14:14,3/1/2018 15:10,3/2/2018 21:09,3/12/2018 23:36,3/21/2018 0:00
dcb36b511fcac050b97cd5c05de84dc3,3b6828a50ffe546942b7a473d70ac0fc,delivered,6/7/2018 19:03,6/12/2018 23:31,6/11/2018 14:54,6/21/2018 15:34,7/4/2018 0:00
403b97836b0c04a622354cf531062e5f,738b086814c6fcc74b8cc583f8516ee3,delivered,1/2/2018 19:00,1/2/2018 19:09,1/3/2018 18:19,1/20/2018 1:38,2/6/2018 0:00
116f0b09343b49556bbad5f35bee0cdf,3187789bec990987628d7a9beb4dd6ac,delivered,12/26/2017 23:41,12/26/2017 23:50,12/28/2017 18:33,1/8/2018 22:36,1/29/2018 0:00
85ce859fd6dc634de8d2f1e290444043,059f7fc5719c7da6cbafe370971a8d70,delivered,11/21/2017 0:03,11/21/2017 0:14,11/23/2017 21:32,11/27/2017 18:28,12/11/2017 0:00
83018ec114eee8641c97e08f7b4e926f,7f8c8b9c2ae27bf3300f670c3d478be8,delivered,10/26/2017 15:54,10/26/2017 16:08,10/26/2017 21:46,11/8/2017 22:22,11/23/2017 0:00
203096f03d82e0dffbc41ebc2e2bcfb7,d2b091571da224a1b36412c18bc3bbfe,delivered,9/18/2017 14:31,9/19/2017 4:04,10/6/2017 17:50,10/9/2017 22:23,9/28/2017 0:00
f848643eec1d69395095eb3840d2051e,4fa1cd166fa598be6de80fa84eaade43,delivered,3/15/2018 8:52,3/15/2018 9:09,3/15/2018 19:52,3/19/2018 18:08,3/29/2018 0:00
2807d0e504d6d4894d41672727bc139f,72ae281627a6102d9b3718528b420f8a,delivered,2/3/2018 20:37,2/3/2018 20:50,2/5/2018 22:37,2/8/2018 16:13,2/21/2018 0:00
95266dbfb7e20354baba07964dac78d5,a166da34890074091a942054b36e4265,delivered,1/8/2018 7:55,1/8/2018 8:07,1/24/2018 23:16,1/26/2018 17:32,2/21/2018 0:00
f3e7c359154d965827355f39d6b1fdac,62b423aab58096ca514ba6aa06be2f98,delivered,8/9/2018 11:44,8/10/2018 3:24,8/10/2018 12:29,8/13/2018 18:24,8/17/2018 0:00
fbf9ac61453ac646ce8ad9783d7d0af6,3a874b4d4c4b6543206ff5d89287f0c3,delivered,2/20/2018 23:46,2/22/2018 2:30,2/26/2018 22:25,3/21/2018 22:03,3/12/2018 0:00
acce194856392f074dbf9dada14d8d82,7e20bf5ca92da68200643bda76c504c6,delivered,6/4/2018 0:00,6/5/2018 0:35,6/5/2018 13:24,6/16/2018 15:20,7/18/2018 0:00
dd78f560c270f1909639c11b925620ea,8b212b9525f9e74e85e37ed6df37693e,delivered,3/12/2018 1:50,3/12/2018 3:28,3/12/2018 21:06,3/21/2018 14:41,3/28/2018 0:00
91b2a010e1e45e6ba3d133fa997597be,cce89a605105b148387c52e286ac8335,delivered,5/2/2018 11:45,5/3/2018 12:55,5/10/2018 16:16,5/16/2018 20:56,5/23/2018 0:00
ecab90c9933c58908d3d6add7c6f5ae3,761df82feda9778854c6dafdaeb567e4,delivered,2/25/2018 13:50,2/25/2018 14:47,2/26/2018 22:28,3/27/2018 23:29,4/13/2018 0:00
f70a0aff17df5a6cdd9a7196128bd354,456dc10730fbdba34615447ea195d643,delivered,8/10/2017 11:58,8/12/2017 2:45,8/17/2017 15:35,8/18/2017 14:28,8/23/2017 0:00
1790eea0b567cf50911c057cf20f90f9,52142aa69d8d0e1247ab0cada0f76023,delivered,4/16/2018 21:15,4/16/2018 22:10,4/18/2018 13:05,5/5/2018 12:28,5/15/2018 0:00
989225ba6d0ebd5873335f7e01de2ae7,816f8653d5361cbf94e58c33f2502a5c,delivered,12/12/2017 13:56,12/14/2017 13:54,12/16/2017 0:18,1/3/2018 18:03,1/8/2018 0:00
d887b52c6516beb39e8cd44a5f8b60f7,d9ef95f98d8da3b492bb8c0447910498,delivered,2/3/2018 12:38,2/3/2018 12:50,2/5/2018 21:26,2/22/2018 0:07,3/7/2018 0:00
b276e4f8c0fb86bd82fce576f21713e0,cf8ffeddf027932e51e4eae73b384059,delivered,7/29/2018 23:34,7/29/2018 23:45,7/30/2018 14:43,7/31/2018 22:48,8/6/2018 0:00
8563039e855156e48fccee4d611a3196,5f16605299d698660e0606f7eae2d2f9,delivered,2/17/2018 15:59,2/17/2018 16:15,2/20/2018 23:03,3/20/2018 0:59,3/20/2018 0:00
60550084e6b4c0cb89a87df1f3e5ebd9,f5458ddc3545711efa883dd7ae7c4497,delivered,2/21/2018 18:15,2/23/2018 2:10,2/27/2018 18:52,3/13/2018 23:58,3/29/2018 0:00
5acce57f8d9dfd55fa48e212a641a69d,295ae9b35379e077273387ff64354b6f,delivered,7/31/2017 21:37,8/2/2017 2:56,8/3/2017 18:32,8/8/2017 21:24,8/22/2017 0:00
434d158e96bdd6972ad6e6d73ddcfd22,2a1dfb647f32f4390e7b857c67458536,delivered,6/1/2018 12:23,6/5/2018 3:35,6/8/2018 11:49,6/18/2018 21:32,7/17/2018 0:00
7206b86ea789983f7a273ea7fa0bc2a8,3391c4bc11a817e7973e498b0b023158,delivered,3/26/2018 17:12,3/26/2018 17:28,3/28/2018 17:22,4/5/2018 22:11,4/12/2018 0:00
1e7aff52cdbb2451ace09d0f848c3699,ddaff536587109b89777e0353215e150,delivered,5/19/2017 18:53,5/19/2017 19:05,5/22/2017 10:16,5/31/2017 13:58,6/12/2017 0:00
6ea2f835b4556291ffdc53fa0b3b95e8,c7340080e394356141681bd4c9b8fe31,delivered,11/24/2017 21:27,11/25/2017 0:21,12/13/2017 21:14,12/28/2017 18:59,12/21/2017 0:00
948097deef559c742e7ce321e5e58919,8644be24d48806bc3a88fd59fb47ceb1,delivered,8/4/2017 17:10,8/4/2017 17:25,8/7/2017 17:52,8/12/2017 14:08,9/1/2017 0:00
d22e9fa5731b9e30e8b27afcdc2f8563,756fb9391752dad934e0fe3733378e57,delivered,8/4/2018 23:25,8/4/2018 23:35,8/6/2018 15:03,8/13/2018 23:34,9/13/2018 0:00
ee64d42b8cf066f35eac1cf57de1aa85,caded193e8e47b8362864762a83db3c5,shipped,6/4/2018 16:44,6/5/2018 4:31,6/5/2018 14:32,,6/28/2018 0:00
6ebaec694d7025e2ad4a05dba887c032,4f28355e5c17a4a42d3ce2439a1d4501,delivered,5/18/2017 13:55,5/18/2017 14:05,5/19/2017 12:01,5/29/2017 12:47,6/9/2017 0:00
d17dc4a904426827ca80f2ccb3a6be56,569cf68214806a39acc0f39344aea67f,delivered,5/14/2017 20:28,5/14/2017 20:42,5/16/2017 8:17,5/25/2017 9:14,6/12/2017 0:00
25f4376934e13d3508486352e11a5db0,12fd2740039676063a874b9567dfa651,delivered,5/17/2018 16:59,5/18/2018 1:17,5/18/2018 13:02,5/21/2018 15:22,5/25/2018 0:00
5820a1100976432c7968a52da59e9364,2b56e94c2f66f2d97cfa63356f69cee8,delivered,7/29/2018 11:24,7/29/2018 11:44,7/30/2018 13:47,8/2/2018 22:09,8/13/2018 0:00
2ce1ad82022c1ba30c2079502ac725aa,7f2178c5d771e17f507d3c1637339298,delivered,8/9/2017 20:19,8/11/2017 4:15,8/11/2017 17:52,8/16/2017 17:16,8/31/2017 0:00
138849fd84dff2fb4ca70a0a34c4aa1c,9b18f3fc296990b97854e351334a32f6,delivered,2/1/2018 14:02,2/3/2018 2:53,2/6/2018 19:13,2/14/2018 13:41,2/23/2018 0:00
47aa4816b27ba60ec948cd019cc1afc1,148348ff65384b4249b762579532e248,delivered,6/26/2018 13:42,6/27/2018 8:35,6/27/2018 13:20,7/3/2018 18:37,7/20/2018 0:00
9faeb9b2746b9d7526aef5acb08e2aa0,79183cd650e2bb0d475b0067d45946ac,delivered,7/26/2018 14:39,7/26/2018 14:55,7/27/2018 12:04,7/31/2018 22:26,8/16/2018 0:00
641fb0752bf5b5940c376b3a8bb9dc52,f5afca14dfa9dc64251cf2b45c54c363,delivered,12/15/2017 0:06,12/15/2017 0:14,12/19/2017 1:58,1/3/2018 15:09,1/16/2018 0:00
e425680f760cbc130be3e53a9773c584,f178c1827f67a8467b0385b7378d951a,delivered,8/31/2017 8:15,8/31/2017 8:30,8/31/2017 20:06,9/4/2017 20:59,9/20/2017 0:00
40c5e18f7d112b59b3e5113a59a905b3,67407057a7d5ee17d1cd09523f484d13,delivered,6/11/2018 10:25,6/11/2018 10:58,6/14/2018 13:03,6/19/2018 0:31,7/16/2018 0:00
734e7d1bbaeb2ff82521ca0fe6fb6f79,2932d241d1f31e6df6c701d52370ae02,delivered,6/11/2018 8:18,6/11/2018 8:31,6/11/2018 14:54,6/14/2018 21:32,7/5/2018 0:00
66e4624ae69e7dc89bd50222b59f581f,684fa6da5134b9e4dab731e00011712d,delivered,3/9/2018 14:50,3/9/2018 15:40,3/15/2018 0:31,4/3/2018 13:28,4/2/2018 0:00
a685d016c8a26f71a0bb67821070e398,911e4c37f5cafe1604fe6767034bf1ae,delivered,3/13/2017 18:14,3/13/2017 18:14,3/22/2017 14:03,4/6/2017 13:37,3/30/2017 0:00
2edfd6d1f0b4cd0db4bf37b1b224d855,241e78de29b3090cfa1b5d73a8130c72,delivered,6/13/2017 21:11,6/15/2017 3:05,6/16/2017 14:55,6/19/2017 18:51,7/6/2017 0:00
68873cf91053cd11e6b49a766db5af1a,4632eb5a8f175f6fe020520ae0c678f3,delivered,11/30/2017 22:02,12/2/2017 2:51,12/4/2017 22:07,12/5/2017 20:28,12/18/2017 0:00
f346ad4ee8f630e5e4ddaf862a34e6dd,dd5095632e3953fc0947b8ab5176b0be,delivered,8/5/2018 13:09,8/5/2018 13:24,8/6/2018 13:41,8/10/2018 18:35,8/15/2018 0:00
8f06cc6465925031568537b815f1198d,9916715c2ab6ee1710c9c32f0a534ad2,delivered,11/15/2017 11:31,11/15/2017 11:46,11/16/2017 22:03,11/22/2017 22:41,12/5/2017 0:00
ccbabeb0b02433bd0fcbac46e70339f2,c77ee2d8ba1614a4d489a44166894938,delivered,2/19/2018 20:31,2/21/2018 6:15,2/22/2018 21:04,3/9/2018 22:22,3/13/2018 0:00
688052146432ef8253587b930b01a06d,81e08b08e5ed4472008030d70327c71f,delivered,4/22/2018 8:48,4/24/2018 18:25,4/23/2018 19:19,4/24/2018 19:31,5/15/2018 0:00
f271576bed568e896f99eb710cd3a6f8,5dda11942d4f77bee3a46d71e442aec4,delivered,1/7/2018 21:44,1/7/2018 21:51,1/10/2018 21:56,1/17/2018 20:26,2/14/2018 0:00
686541986ecfb7d9296eb67719973bf0,74805bc388861fa350ed2fade8444e0b,delivered,2/10/2018 13:26,2/10/2018 13:35,2/14/2018 20:47,2/20/2018 22:13,3/12/2018 0:00
68e48e68da1f50f7c5838ea75e3a20dd,4afc1dcca5fe8926fc97d60a4497f8ab,delivered,6/18/2018 16:02,6/18/2018 17:00,6/19/2018 15:55,6/22/2018 21:18,7/13/2018 0:00
b52cc4919de82b4d696a4380d10804a3,be8c14c16a4d47194ccdfe10f1fc5b1a,delivered,6/13/2018 13:47,6/15/2018 2:37,6/15/2018 14:22,6/18/2018 22:32,6/26/2018 0:00
fdf128b3630c21adc9ca4fb8a51b68ec,a9d37ddc8ba4d9f6dbac7d8ec378cc95,delivered,7/15/2018 8:33,7/16/2018 14:31,7/17/2018 15:33,7/24/2018 16:41,8/2/2018 0:00
a6aeb116d2cb5013eb8a94585b71ffef,bb2f5e670f7155dc622c57e4b31d0a69,delivered,9/13/2017 14:27,9/13/2017 14:44,9/15/2017 18:42,9/16/2017 15:40,9/25/2017 0:00
fa516182d28f96f5f5c651026b0749ee,55e6b290205c84ddd23ddf5eb134efd4,delivered,4/13/2018 8:44,4/13/2018 13:30,4/13/2018 22:19,4/19/2018 20:41,5/8/2018 0:00
6abaad69b8b349c3a529b4b91ce18e46,f5618502bee8eafdee72fb6955e2ebdf,delivered,2/15/2018 10:33,2/15/2018 10:47,2/20/2018 14:15,2/24/2018 19:15,3/7/2018 0:00
974c1993ab8024d3ed16229183c2308d,a90391a47de936d56c66a5366cba1462,delivered,2/20/2017 11:45,2/22/2017 3:10,2/23/2017 6:47,3/9/2017 14:27,3/21/2017 0:00
82bce245b1c9148f8d19a55b9ff70644,388025bec8128ff20ec1a316ed4dcf02,delivered,4/20/2017 17:15,4/21/2017 5:15,4/24/2017 9:34,5/10/2017 9:17,5/12/2017 0:00
a910f58086d58b3ae6f37aa712d377b9,afb19a4b667cb708caab312757ec3d3f,delivered,9/15/2017 9:19,9/15/2017 9:35,9/18/2017 18:20,9/25/2017 20:14,10/11/2017 0:00
bd4bd0194d6d29f83b8557d4b89b572a,636e15840ab051faa13d3f781b6e4233,delivered,7/28/2018 16:52,7/31/2018 3:50,8/1/2018 16:01,8/6/2018 18:44,8/8/2018 0:00
634e8f4c0f6744a626f77f39770ac6aa,05e996469a2bf9559c7122b87e156724,delivered,8/9/2017 18:32,8/9/2017 18:45,8/10/2017 20:21,8/16/2017 18:17,8/31/2017 0:00
6d25592267349b322799e2beb687871e,5bb39c890c91b1d26801aa19a9336eac,delivered,8/26/2018 22:04,8/28/2018 4:10,8/28/2018 12:56,8/29/2018 12:40,8/30/2018 0:00
b8801cccd8068de30112e4f49903d74a,f26a435864aebedff7f7c84f82ee229f,delivered,7/30/2017 3:06,7/30/2017 3:25,7/31/2017 16:42,8/1/2017 14:27,8/16/2017 0:00
2711a938db643b3f0b62ee2c8a2784aa,29cb486c739f9774c8eb542e07b56cd2,delivered,12/22/2017 0:17,12/23/2017 2:15,12/27/2017 19:54,1/9/2018 19:52,1/19/2018 0:00
3bc77ce8be27211bac313c2daa402d1a,bf141bf67fbe428d558bcf0e018eab60,delivered,4/6/2017 22:39,4/6/2017 22:50,4/7/2017 14:54,4/11/2017 12:31,4/27/2017 0:00
10c320f977c6a18f91b2d14be13128c6,b673f0597cb0c4d12778f731045f361a,delivered,5/9/2017 20:48,5/9/2017 21:02,5/10/2017 11:22,5/18/2017 13:22,6/1/2017 0:00
0a4a2fccb27bd83a892fa503987a595b,6772a0a230a2667d16c3620f000e1348,delivered,4/20/2017 20:42,4/20/2017 20:55,4/25/2017 8:23,5/11/2017 13:07,5/25/2017 0:00
e4de6d53ecff736bc68804b0b6e9f635,9f6618c17568ac301465fe7ad056c674,delivered,10/16/2017 14:56,10/17/2017 3:49,10/27/2017 22:14,11/8/2017 21:25,11/21/2017 0:00
6b860b35691d486e45dc98e3514ec5f6,fee181bf648906d1c57f84f216976286,delivered,12/8/2017 9:42,12/9/2017 2:49,12/11/2017 15:19,12/19/2017 18:43,1/3/2018 0:00
ec341c54a5ebf8ee0a67a8632aa7579b,df9b032b2ad0fd6bf37dfb48e5f83845,delivered,8/26/2017 16:53,8/27/2017 17:04,8/30/2017 13:26,9/8/2017 20:39,9/21/2017 0:00
cadbb3657dac2dbbd5b84b12e7b78aad,93ada7a24817edda9f4ab998fa823d16,delivered,2/27/2018 12:55,3/1/2018 2:48,3/3/2018 2:27,3/16/2018 14:59,3/29/2018 0:00
9defaf92cff22420e4e8ef7784815a55,64fb950e760ec8b0db79154a1fa9c1bf,delivered,5/11/2018 13:10,5/11/2018 13:36,5/16/2018 14:43,5/21/2018 16:09,6/5/2018 0:00
20e0101b20700188cadb288126949685,48558a50a7ba1aab61891936d2ca7681,delivered,1/22/2018 19:22,1/22/2018 19:36,1/24/2018 23:32,2/15/2018 20:08,2/19/2018 0:00
0e782c3705510e717d28907746cbda82,3a897024068ed42a183de61d5727d866,delivered,5/1/2018 8:12,5/1/2018 8:52,5/2/2018 19:01,5/4/2018 14:02,5/16/2018 0:00
d3d6788577c9592da441752e8a1dd5e3,8628fac2267e8c8804525da99c10ed0e,delivered,9/19/2017 22:17,9/20/2017 7:55,9/22/2017 17:23,10/10/2017 18:43,10/13/2017 0:00
86f21bf63784876b9fd6d35f46581d72,332df68ccac2f2f7d9e11299188f8bce,delivered,4/11/2018 22:32,4/11/2018 22:49,4/14/2018 0:02,4/27/2018 23:14,5/21/2018 0:00
8447ff843b2616c50c0ced28ab1dae03,e28dd4261bed9c7ba89ecaf411b88f7c,delivered,12/20/2017 23:45,12/22/2017 2:37,12/23/2017 13:10,1/9/2018 18:14,1/22/2018 0:00
f169bd689fb8b32ccd62df9050aebc0b,82f0b75bb50fcb30711e5277e36b3983,delivered,4/22/2018 23:23,4/24/2018 19:24,4/27/2018 13:46,4/30/2018 17:57,5/7/2018 0:00
77e9941864fc840be8e4b1ba5347c0f7,3135962ee745ef39b85576df7ddbaa99,delivered,8/3/2018 8:59,8/3/2018 9:31,8/3/2018 10:10,8/17/2018 0:49,8/27/2018 0:00
41bb5cee06dbf170878a9ef93ac7e7f5,1833a0540067becaf59368fe4cd4303a,delivered,5/14/2018 8:35,5/14/2018 8:52,5/16/2018 14:46,5/18/2018 14:48,6/8/2018 0:00
6a0a8bfbbe700284feb0845d95e0867f,68451b39b1314302c08c65a29f1140fc,delivered,11/22/2017 11:32,11/22/2017 11:46,11/27/2017 13:39,12/28/2017 19:43,12/11/2017 0:00
f7959f8385f34c4f645327465a1c9fc4,0bf19317b1830a69e55b40710576aa7a,delivered,3/30/2017 7:50,3/30/2017 8:05,3/30/2017 10:55,4/10/2017 2:59,4/26/2017 0:00
23f553848a03aaab35bb3f9f87725125,c622b892a190735ef81c0087973fa16d,delivered,6/5/2018 9:10,6/5/2018 9:32,6/6/2018 15:37,6/18/2018 12:36,7/23/2018 0:00
e3447938231fb6ba2fee0231b51eca59,2c3642e1392097fb4af76a76fec16a46,delivered,8/26/2018 11:04,8/26/2018 11:15,8/27/2018 15:52,8/28/2018 21:06,8/30/2018 0:00
e346cd9299371b18c0b28e8e29a5e376,fb9590a1e30e0ba8304ea73a31325797,delivered,5/17/2017 8:36,5/17/2017 8:45,5/17/2017 10:13,5/23/2017 13:32,6/6/2017 0:00
a5474c0071dd5d1074e12d417078bbd0,ef15b3240b2083e0487762ee2978d2b8,delivered,7/30/2018 22:41,8/1/2018 2:50,8/2/2018 10:35,8/3/2018 19:28,8/2/2018 0:00
0760a852e4e9d89eb77bf631eaaf1c84,d2a79636084590b7465af8ab374a8cf5,invoiced,8/3/2018 17:44,8/7/2018 6:15,,,8/21/2018 0:00
bb7c5cf4dff9994daeab7c8ee9d287aa,9a4900710ff76d73cb3a0d152e73adf0,delivered,3/1/2018 22:14,3/2/2018 22:08,3/5/2018 17:32,3/9/2018 14:48,3/26/2018 0:00
66d03fb3c4b0f80b5db04ef9c260336d,c39bde0d4030d5e31e654f0c20db9786,delivered,2/6/2018 21:09,2/6/2018 21:29,2/7/2018 17:13,2/16/2018 20:24,3/7/2018 0:00
a6cd683d4bd3b9b1f0aa37b27f8116d3,48f239e15744ed5e7ffbafc6bb6e882b,delivered,1/28/2017 23:45,1/29/2017 1:31,2/1/2017 14:25,2/10/2017 17:30,3/10/2017 0:00
bfe42c22ecbf90bc9f35cf591270b6a7,803ac05904124294f8767894d6da532b,delivered,1/27/2018 22:04,1/27/2018 22:16,2/3/2018 3:56,2/9/2018 20:16,2/26/2018 0:00
e1da8361c76cab67aa3588a1fbf1af54,dd854e24b40e3bc2b306946dee252015,delivered,7/1/2017 15:42,7/4/2017 4:10,7/4/2017 14:52,7/12/2017 20:17,7/25/2017 0:00
af5b0604e113e1526593d505a26ef39d,b896b244963dc7543d400ad82d6710e0,delivered,9/27/2017 12:07,9/27/2017 12:26,9/29/2017 22:25,9/30/2017 17:13,10/16/2017 0:00
9d531c565e28c3e0d756192f84d8731f,d4faa220408c20e53595d2950f361f3b,delivered,11/28/2017 21:00,12/1/2017 9:31,12/14/2017 20:37,1/23/2018 21:38,12/22/2017 0:00
4da3bd761ca73d692ae0f5c252495546,65ee4aa816cda8ad41e05c75e1cb691e,delivered,2/1/2018 12:31,2/1/2018 12:54,2/2/2018 0:39,2/2/2018 16:12,2/19/2018 0:00
80d817467dc3d0a4bb5ab8986c962b1f,a4a2abd07b1cdd4902cf245cdfa1451d,delivered,8/22/2018 16:10,8/22/2018 16:25,8/23/2018 14:33,8/28/2018 14:52,9/5/2018 0:00
c75acba615d2db29345327974641467d,2b47ff70d422cc3ada976dea40f48782,delivered,7/6/2018 23:36,7/7/2018 10:10,7/10/2018 14:25,7/13/2018 17:18,8/10/2018 0:00
210e60465099814a1d2c7635e4065153,fc849c5fbc7e2b0c7cfebc138886c693,delivered,5/9/2018 18:27,5/9/2018 18:54,5/10/2018 16:07,5/22/2018 0:08,5/29/2018 0:00
8fc207e94fa91a7649c5a5dab690272a,c69f8b33e62ecb30ff78ae46d7fb9241,delivered,11/26/2017 17:49,11/26/2017 17:58,11/28/2017 23:17,1/20/2018 13:42,12/19/2017 0:00
4b3a605942f29d490cb74bd6ace6b9f0,e8a332c3433fbd37920ec89fc295d075,delivered,9/29/2017 9:32,9/29/2017 9:44,9/29/2017 21:58,9/30/2017 16:55,10/17/2017 0:00
1c35ac660d7ef6691b25d20df3d6eccb,68c85132eb3b96fbe6cbddc09a568d24,delivered,6/27/2017 23:11,6/27/2017 23:35,6/28/2017 14:28,6/29/2017 10:16,7/10/2017 0:00
01a75ac3dd000b7628a684be97c29234,57ee2ef64f17a5f9a4bf30489b06326c,delivered,1/23/2018 10:32,1/23/2018 10:59,1/26/2018 19:12,2/7/2018 14:59,2/21/2018 0:00
0c6b011f8a4f87010c23995f5807d152,a78b75a2ad06180de06b82857ca442b3,delivered,8/20/2018 18:24,8/20/2018 18:35,8/21/2018 11:53,8/28/2018 13:43,9/13/2018 0:00
ee0c5c649e17808bc4a363d3a80ebf85,cc3590e4afbb4b3e056b50a80a6a7d0c,delivered,1/30/2018 7:51,1/30/2018 8:13,1/31/2018 15:06,2/20/2018 15:25,2/21/2018 0:00
f2fa3795760c35b8c05fa8e2f09d5143,fac60d7c4df3896a5af5db6c91e03797,delivered,3/31/2018 14:20,4/3/2018 5:10,4/5/2018 0:44,4/7/2018 0:06,5/4/2018 0:00
3923e3ade70348985bd2ca389905cf19,6454e6cba392b35aa21527063026fc92,delivered,3/7/2018 23:00,3/9/2018 3:00,3/14/2018 2:08,3/19/2018 18:46,3/29/2018 0:00
e37797aedc7cd4ef82278fbc169eecaf,4c9c7c2b6de6ee2568681b5599bb7495,delivered,5/8/2018 22:12,5/8/2018 22:31,5/10/2018 13:35,5/14/2018 18:55,5/23/2018 0:00
35660aec0cc42b6257e24281ee0e6255,b53cc3c992caaa45ec73cfdde4d839b5,delivered,3/30/2017 14:46,3/30/2017 14:55,4/10/2017 18:53,4/27/2017 11:08,5/12/2017 0:00
b01875821b8dcb6abc61776f0f971bce,818596f5b68adfe2c11498ebb6d39e02,delivered,11/24/2017 21:55,11/25/2017 1:31,11/28/2017 22:37,12/1/2017 21:11,12/15/2017 0:00
5164933efe0cd14f31424b9badf81f19,d0e71d7a6dbca8ac513ac63d08a81fa0,delivered,4/25/2018 22:18,4/25/2018 22:31,4/26/2018 12:35,4/27/2018 16:50,5/14/2018 0:00
06a6627d9cc91a04e9d146bf65fee0a2,61449fa1b8b8998c9c3f3a7f0ae954ef,delivered,7/16/2017 10:27,7/16/2017 10:35,7/18/2017 12:34,7/21/2017 19:59,8/4/2017 0:00
15bed8e2fec7fdbadb186b57c46c92f2,f3f0e613e0bdb9c7cee75504f0f90679,processing,9/3/2017 14:22,9/3/2017 14:30,,,10/3/2017 0:00
5447160f15621601fa9ba2b94f4906b3,9c338ea8093192e203bc16add78c123c,delivered,11/21/2017 12:08,11/21/2017 12:40,11/22/2017 20:17,11/28/2017 20:33,12/14/2017 0:00
01855f880aae9a984c7c33b26fcf2e02,2e068340b3037f667ce3224bd59260af,delivered,10/19/2017 15:08,10/19/2017 15:35,10/23/2017 13:14,10/24/2017 15:57,10/31/2017 0:00
65312c6e4ce03c0fb633a4ac541949d8,228da462edabbbc68e6d265087499705,delivered,7/22/2018 15:19,7/23/2018 12:32,7/25/2018 10:06,8/2/2018 21:08,8/13/2018 0:00
741fd1b80f015f170a7f458cf86769b8,df5c9e02596851fcbfc98804e4108bbd,delivered,12/2/2017 14:28,12/2/2017 14:38,12/4/2017 21:54,12/11/2017 16:17,1/4/2018 0:00
b16cec67cb3f5a4bb31abe8988b43d19,62ffae18a7ca4b2e681c6296180ae346,delivered,3/26/2018 9:14,3/26/2018 9:28,3/27/2018 17:21,3/29/2018 20:08,4/20/2018 0:00
e6190dea235662449d160357e46eaec8,b80feb27fb4955a21bca55fdb039af17,delivered,1/9/2018 6:37,1/9/2018 7:27,1/9/2018 18:35,1/15/2018 14:56,2/6/2018 0:00
8eeda294fab8a5ed70259afb59a10ff8,6feea03756fd7ef4fb37d8f7e44aaeb9,delivered,2/6/2018 18:25,2/7/2018 2:35,2/7/2018 22:15,2/14/2018 19:07,3/8/2018 0:00
89165e6d4c28047da0adf13ac8b3e1b3,4924a47e8cd5630b3564e26fac55c5ec,delivered,7/18/2018 13:39,7/18/2018 13:50,7/24/2018 14:14,7/26/2018 18:26,7/30/2018 0:00
f376081d7c5f1767fbc7fae2d19ca32e,d68901955dc622165460ba6cb4ac49f3,delivered,3/28/2017 16:03,3/28/2017 16:15,3/29/2017 13:23,3/31/2017 10:07,4/17/2017 0:00
4b87488fb6269f8321508923b95da4d6,e42998ccffc48dc87bf70b37e2d61f33,delivered,6/8/2018 12:19,6/8/2018 12:37,6/11/2018 8:23,6/15/2018 20:58,7/5/2018 0:00
e9ce52cd563d0124dced659e69eab10a,9a80c8377644236e27f59e83862f1ae2,delivered,7/10/2017 12:23,7/12/2017 2:10,7/13/2017 18:35,7/17/2017 17:03,7/28/2017 0:00
9344ccd01ff5fa7ec2aef0ee7e1c49c3,4fd75fb5ef1f01c7585bf746092a1544,delivered,5/16/2018 16:10,5/18/2018 4:54,5/21/2018 7:09,5/24/2018 19:04,6/4/2018 0:00
f4471dae8c482f51aa1826cd9f5d4433,167b9485947ed0a354a3f8dad04eb199,delivered,7/5/2018 18:40,7/5/2018 18:55,7/10/2018 15:10,7/11/2018 21:16,7/19/2018 0:00
aeb4c9d05ab11d7c6c9ca24f8c43bd70,fa5c31ea5a141cb29a683b6420f2693a,delivered,9/20/2017 17:12,9/21/2017 14:44,9/22/2017 17:54,9/28/2017 19:47,10/18/2017 0:00
33a3edb84b9df4cb49546859b990ac6d,35ec6c1ca9e5844c5ca94214cce16dca,delivered,2/21/2018 17:15,2/22/2018 16:10,2/23/2018 22:42,3/22/2018 0:03,3/16/2018 0:00
9885fff91f7c807525f8320e5292a3db,83257fb6f3a1edd3a75464178aa3f382,delivered,1/10/2018 14:18,1/11/2018 2:48,1/12/2018 14:15,1/24/2018 23:16,1/31/2018 0:00
e7a65190baa4e6fd192246157c0b81fb,7d986867cfcd083f25ad4f692bd2df06,delivered,4/26/2017 16:14,4/27/2017 17:22,4/28/2017 12:43,5/12/2017 14:04,5/29/2017 0:00
62a12e4d2a742b2491d7c00d2d79bf52,b60550c21000f91484c7d2aa2b8c522e,delivered,11/27/2017 19:24,11/27/2017 19:39,11/28/2017 22:58,12/8/2017 15:41,12/27/2017 0:00
90349f264a3d6a2525a34598d09dda6b,d19f254a07da73a055409256e9bfe40a,delivered,5/11/2018 16:35,5/12/2018 3:32,5/14/2018 15:16,5/15/2018 18:38,5/21/2018 0:00
95cf9f239f724799131f7ca949209bd9,7251aa758779438faea714941f1051c4,delivered,5/25/2018 8:54,5/25/2018 9:16,5/28/2018 15:43,5/30/2018 15:06,6/12/2018 0:00
04a59fe46fc5aa341da5378c195ed53c,2d8748fb35d51c2fd273ee67fff78b7a,delivered,11/26/2017 9:32,11/28/2017 9:35,11/28/2017 19:18,12/11/2017 19:03,12/19/2017 0:00
86b37610c0e86e94afe3d5ba4b73fa14,86ff82570097f39b2193254f540e4a69,delivered,11/17/2017 21:14,11/22/2017 2:49,11/22/2017 17:37,12/5/2017 20:23,12/20/2017 0:00
5c2d1d55c31db1cbe069dc9b6454b897,15bea20cd005ed59d34db54c6b32ec98,delivered,7/23/2018 18:27,7/24/2018 10:32,7/25/2018 14:10,8/1/2018 19:31,8/10/2018 0:00
1d067305b599c1e0dceb3864056ea527,0489975a325480c9e385e9f135bb13c3,delivered,2/14/2018 13:05,2/14/2018 13:15,2/20/2018 20:12,3/9/2018 21:52,3/9/2018 0:00
abc5ec9ecaec740b498a37f19c29a8c0,85aa7dc7ea24c96b5ac7864f13922495,delivered,4/30/2017 22:43,4/30/2017 22:55,5/2/2017 13:58,5/12/2017 12:04,6/5/2017 0:00
6942b8da583c2f9957e990d028607019,52006a9383bf149a4fb24226b173106f,shipped,1/10/2018 11:33,1/11/2018 2:32,1/11/2018 19:39,,2/7/2018 0:00
c3cb4c7c4b963ab08b07a5dca5baf05d,38ccd077e65d89b8a720be73bfaa9c6f,delivered,5/15/2017 16:29,5/16/2017 3:35,5/17/2017 9:24,5/23/2017 12:51,6/8/2017 0:00
af66c46c49bdb3bf2f862efb1eb67d81,9e3a06f863456c3934b9d26037c119cd,delivered,7/22/2017 19:16,7/22/2017 19:25,7/25/2017 19:14,7/31/2017 18:17,8/11/2017 0:00
14e6e050a57912543937e93051cc7b2c,d006bd8339ac9891923132af6408f557,delivered,6/24/2018 19:01,6/24/2018 19:20,6/25/2018 15:57,6/28/2018 13:03,7/27/2018 0:00
cefa8ee1540139ac77fa0c1b4ff1f04b,3b9388d1014c8090f77595c5e9f2ce94,delivered,7/2/2018 12:54,7/2/2018 13:10,7/3/2018 15:04,7/6/2018 11:52,7/25/2018 0:00
265f4e28ef8cf69f8445e2951bbe7343,c572fd6cdd98e87ea2bc433b6da21078,delivered,3/6/2017 0:14,3/6/2017 0:33,3/6/2017 9:54,3/20/2017 9:28,4/11/2017 0:00
34276839abbc2d596eb36540d36c624c,6968ea6ff6368619de4d031a15d5c9a6,delivered,10/4/2017 23:02,10/4/2017 23:14,10/5/2017 18:37,10/20/2017 16:18,11/9/2017 0:00
556bbf53c2c22fbb9ef31a414dd444a6,5883f965ac70043c2e908c3657c5d548,delivered,12/21/2017 17:43,12/21/2017 17:56,12/26/2017 16:59,1/4/2018 21:56,1/22/2018 0:00
36530871a5e80138db53bcfd8a104d90,4dafe3c841d2d6cc8a8b6d25b35704b9,shipped,5/9/2017 11:48,5/11/2017 11:45,5/11/2017 13:21,,6/8/2017 0:00
b2bd1f09c1b8a4a36940f6f6e49d5dec,8ed14e450a6268ec13f325e7c2eafeed,delivered,2/2/2018 16:15,2/2/2018 16:36,2/6/2018 1:28,2/20/2018 18:09,3/7/2018 0:00
e69e2290db6b2d3b7593a40112e1a82a,3a017955f82b5bf61bb51aec865a01ca,delivered,6/1/2018 11:26,6/2/2018 3:15,6/4/2018 13:08,6/5/2018 17:44,7/4/2018 0:00
c8627adf430caff83161acbeb344d8f5,078d86e7bf40b188f0e5ed6d866c21c4,delivered,8/9/2018 16:23,8/9/2018 17:30,8/10/2018 12:32,8/14/2018 19:12,8/21/2018 0:00
1370fae9b19ee5e01a2d609eb18b7c8a,22eb8142d6313bab19fa6c657170ae6b,delivered,11/15/2017 13:47,11/15/2017 13:55,11/17/2017 15:12,12/6/2017 1:12,12/14/2017 0:00
a7cd6af6e0519313887b3c3a120f20ca,a559b10d4f093640a0ed4693ce16ed02,delivered,4/26/2018 11:59,4/26/2018 12:11,4/27/2018 11:49,5/3/2018 2:52,5/7/2018 0:00
663830a477534735bbdec9de01113fa2,c1ddb7521d14db9071dccad0a94305c2,delivered,7/15/2018 12:37,7/16/2018 12:30,7/16/2018 14:33,7/23/2018 23:56,8/13/2018 0:00
b2f3763408103bc7173bb36ed02dbeea,d0e6cb83a3fc27f56be011b2941f54c6,delivered,5/30/2018 22:33,5/30/2018 22:55,6/11/2018 14:44,6/18/2018 23:07,7/16/2018 0:00
0dad6beca7ed0e352668498c29089900,2528510465c7572dedee4431a7d52e08,delivered,12/2/2017 14:08,12/2/2017 14:17,12/8/2017 21:21,12/13/2017 9:44,12/27/2017 0:00
93ec3e2c9a4beee38c28973d307093e1,330ca6b207006779da875ef48faef608,delivered,3/29/2018 14:27,3/29/2018 14:35,4/4/2018 23:16,4/6/2018 22:52,4/11/2018 0:00
5561adcb0fd46da4cad3048fa4e7fc00,819b0aa9b717f6d78c0f72211bafebe3,delivered,6/25/2018 15:36,6/25/2018 15:58,6/26/2018 14:58,6/27/2018 17:18,7/11/2018 0:00
6245ae0abd9de1ae647b5da78c0ea69b,d68585c54450af4bfc04cc6cccbcd607,delivered,9/11/2017 7:54,9/11/2017 8:10,9/13/2017 18:22,9/16/2017 16:12,9/27/2017 0:00
ce9feeba53c652dd6569cca62e2bb287,f7398fc942c8fa80e5419ae52e49f7fb,delivered,4/15/2018 19:42,4/15/2018 19:55,4/19/2018 14:32,4/20/2018 23:12,4/26/2018 0:00
565923f847aad52e7638eb189cce3b51,a2cb2bc236e62cf807925d6cecc245c6,delivered,1/13/2018 8:19,1/13/2018 8:29,1/15/2018 22:55,1/23/2018 18:22,2/15/2018 0:00
36ebb4199031e72a1fa964549b88c377,eecf2b94cdbe9ef6245fabb5e091c987,delivered,4/4/2018 8:39,4/4/2018 8:50,4/7/2018 0:49,4/16/2018 23:35,5/2/2018 0:00
232b75e8b6faa6ca2063184414e634a7,0a11cb0fb65032da800b780afcc1a1b7,delivered,9/26/2017 12:32,9/27/2017 3:35,10/4/2017 8:03,10/9/2017 18:32,10/20/2017 0:00
ee990334acb0ff9333b01afa465f3006,a8331c35b57d8fe09e8df1c06509de29,delivered,2/28/2018 17:00,3/2/2018 2:10,3/2/2018 22:18,3/22/2018 10:18,4/2/2018 0:00
780fe22baa36991bdbb1559f5b549596,e1862648f338ecaf4242e8e2b59126ca,delivered,4/22/2017 19:26,4/22/2017 19:41,4/24/2017 11:04,4/28/2017 14:37,5/15/2017 0:00
58ac1947c1a9067b9f416cba6d844a3f,ee8e1d37f563ecc11cc4dcb4dfd794c2,delivered,9/13/2017 9:18,9/13/2017 13:45,9/14/2017 21:20,9/21/2017 21:16,9/25/2017 0:00
ba4ddff2b9082f079de9a84d7a5605fd,fbfba770bf13f470f63d1854a765a2d3,delivered,1/18/2018 9:30,1/18/2018 9:38,1/18/2018 23:43,1/20/2018 17:56,2/2/2018 0:00
75351e48296ef42211a0b80c427aae57,cf9e2b07f78cce347089900f49fb4746,delivered,3/14/2017 16:25,3/14/2017 16:25,3/30/2017 13:22,4/3/2017 13:37,4/10/2017 0:00
64a2b20e6611bf80d933549f4c45ad84,de62761e79f4ae4169cab45ed5f36026,delivered,12/20/2017 12:30,12/21/2017 2:11,12/22/2017 20:41,1/9/2018 15:44,1/19/2018 0:00
775130c792f4c6460c63162e994a1114,d4cd9729eeca5306a2c039fe6e55601e,delivered,12/4/2017 17:24,12/4/2017 18:30,12/5/2017 16:09,12/11/2017 18:52,1/4/2018 0:00
b0928556a10706af462ca2ab2c91903b,0b9e85491c194a97516c87f30a93abfa,delivered,8/3/2018 22:23,8/3/2018 22:35,8/6/2018 13:40,8/14/2018 18:16,8/23/2018 0:00
5487a8ac1699754d975f853ce8bb9321,a51b373c427132a77b112ca10f502c4f,delivered,3/29/2018 14:29,4/3/2018 5:48,4/4/2018 1:13,4/8/2018 16:22,4/20/2018 0:00
00571ded73b3c061925584feab0db425,3c628393675b42c6b5ef89461f68ecef,delivered,5/18/2017 20:59,5/18/2017 21:10,5/22/2017 15:50,5/30/2017 9:12,6/12/2017 0:00
74ebfa44a323c96a7760bd693d690a3d,13fd7ce9f08449dec2533119379a2527,delivered,6/16/2017 0:22,6/16/2017 0:35,6/16/2017 15:37,6/26/2017 13:49,7/18/2017 0:00
37104fd8b73d0691fda9491fe8906808,328d7a69cb9cbaf088eed3ed778804bb,delivered,7/5/2017 9:16,7/7/2017 2:50,7/7/2017 21:03,7/17/2017 17:23,8/7/2017 0:00
b6b3633f97c686d8e188ac6fa29ff20d,8d3d362741da05c706eb55001bdfa1b9,delivered,7/27/2018 12:45,7/27/2018 13:04,8/2/2018 13:33,8/6/2018 17:20,8/17/2018 0:00
37e32b54f25d2472acbc642f7e539a36,0f5b40f9925b49675464fb74869c6547,delivered,7/8/2017 14:12,7/8/2017 14:25,7/11/2017 14:36,7/17/2017 20:39,8/3/2017 0:00
43d88b0e949865904334dd5b3ca63f50,aa601b3c45980c0918042d5ca7a25054,delivered,3/15/2018 16:59,3/15/2018 17:15,3/19/2018 15:03,3/20/2018 16:13,4/2/2018 0:00
5e99f3c445038a0709b2aea8e34ed593,243ee97e01766bf68c3e30f0fe572490,delivered,6/25/2017 19:30,6/25/2017 19:45,6/26/2017 18:41,7/4/2017 10:51,7/14/2017 0:00
f61b61c2cbb4192ccaf9c2c76a4cc971,525125633cfc0f64d4a991240953f2b5,delivered,2/28/2018 21:27,2/28/2018 21:48,3/7/2018 1:38,3/9/2018 13:46,3/13/2018 0:00
6d7de866a140b19d09e825b2a4e944c7,9e5ce657315b2bdb94033a494041ac25,delivered,4/16/2018 21:07,4/16/2018 22:10,4/17/2018 20:54,4/24/2018 20:38,5/15/2018 0:00
3f849648ffbabb0562c7668f212e3e88,a338f42b6e47cb49d5c5128a348b76ba,delivered,5/15/2018 19:55,5/16/2018 8:36,5/18/2018 15:26,6/7/2018 13:58,6/6/2018 0:00
7c18eddfcd24680d80a502346221614e,b7ee9b824b4a83b389379ac70585bf3b,delivered,7/13/2018 15:45,7/13/2018 16:04,7/16/2018 9:53,7/24/2018 20:16,8/9/2018 0:00
6fa204b6cf6dcfe6c9adca7dc53aa32a,56dfafb543cfa4c2edcc08b9b2c5f0c6,delivered,8/1/2017 18:52,8/3/2017 3:04,8/3/2017 16:17,8/5/2017 12:14,8/21/2017 0:00
58d4c4747ee059eeeb865b349b41f53a,1755fad7863475346bc6c3773fe055d3,delivered,7/21/2018 12:49,7/26/2018 23:31,7/24/2018 12:57,7/25/2018 23:58,7/31/2018 0:00
a840a7a89e3d9137358eb7b9408681fe,5e320e6a4f03e2e74bc22e1158237fbe,delivered,3/9/2017 22:17,3/9/2017 22:17,3/10/2017 16:23,3/16/2017 8:24,3/28/2017 0:00
40001f4b6e1a35f0b99fc4f44078ab27,1690401c1e48c9526a79e72ba8c069a2,delivered,12/9/2017 17:27,12/9/2017 17:37,12/12/2017 17:17,1/4/2018 21:23,2/1/2018 0:00
287c56aa824d8d1ea40246ad12013f62,5232c22d7ed2b631db6b2cab74b2c5f2,delivered,8/1/2018 10:48,8/2/2018 10:45,8/3/2018 10:30,8/7/2018 13:59,8/10/2018 0:00
694630e7a7713c116a9b7f0ba3377382,5a771152dd93d31af819d708942afec6,delivered,4/9/2018 13:56,4/11/2018 5:50,4/11/2018 22:46,4/16/2018 20:58,5/3/2018 0:00
f26f92a3da58e9c771820a7b4d9a6800,597950088114c1a9e2b27459051f40ff,delivered,2/10/2018 19:27,2/10/2018 19:35,2/14/2018 23:09,2/19/2018 15:07,2/26/2018 0:00
d1f54c6a2a7015c5687439d6d4e971ba,be0db8a12224c280772baf2ccb468e5e,delivered,4/27/2017 11:08,4/27/2017 11:22,4/27/2017 11:51,5/15/2017 12:00,6/16/2017 0:00
37d6c8f1b209eab8d1b6522a1a3e4d88,fe4b93d8b5d38fc72f20a95f93511cae,delivered,12/6/2017 15:26,12/8/2017 2:54,12/11/2017 23:10,12/13/2017 18:03,12/27/2017 0:00
f9f76d0f8ab416a42a2a3dad0d710162,e4a32f8f3648818820a821cd577ccdba,delivered,11/30/2017 22:37,12/1/2017 10:31,12/1/2017 20:13,12/8/2017 20:56,12/26/2017 0:00
a03ad7057fae696dd18f8967826c209f,7df71d1652cfba8b2a70cf665c960f74,delivered,6/5/2017 13:24,6/7/2017 19:42,6/8/2017 16:18,6/16/2017 14:04,6/28/2017 0:00
c93e4c73cba512f76817291e0de8bec4,9f5a2f912f123d541a318029712fe90b,delivered,9/12/2017 16:32,9/12/2017 16:45,9/13/2017 22:39,9/22/2017 16:43,10/4/2017 0:00
412fccb2b44a99b36714bca3fef8ad7b,c6865c523687cb3f235aa599afef1710,delivered,7/22/2018 22:30,7/23/2018 12:31,7/23/2018 12:24,7/24/2018 19:26,7/31/2018 0:00
67b47f35ec923e39f1203f3cfa80f5e3,0dd5a932b1e29daa12845dbf696cbb54,delivered,6/3/2018 18:24,6/3/2018 18:49,6/4/2018 15:11,6/8/2018 18:58,7/11/2018 0:00
b616f638cd86d92c7cbd06cf7484ee34,8458f7ae02bda5950ce48c01a720559a,delivered,5/23/2018 16:37,5/23/2018 16:56,5/24/2018 16:13,6/6/2018 14:06,6/8/2018 0:00
258f2e5dd769d9314b349f5650005dcc,148ecba880f508ca2d5b6744b6a7b6c5,delivered,2/3/2018 10:51,2/3/2018 11:10,2/6/2018 18:49,2/23/2018 20:59,3/13/2018 0:00
f90202d14e468090464aeb4b1f0372ab,d4c5a2a1316f738e72e179d6bb3b6d8f,delivered,5/17/2018 8:33,5/17/2018 8:59,5/23/2018 12:24,6/1/2018 23:27,6/4/2018 0:00
615ae1b88a25a4ac47fbf55c9c847b6e,25daddfce277eafad87c4d28d71d8229,delivered,8/10/2018 13:42,8/10/2018 13:55,8/13/2018 10:37,8/20/2018 23:38,8/30/2018 0:00
52f166ce5fa053bbb27d317e4fd231b7,1b848bc58de81ae1b800cf3a4571bedf,delivered,4/18/2018 20:13,4/18/2018 20:32,4/20/2018 22:38,4/26/2018 20:11,5/11/2018 0:00
22d17396ac4c177e0ea83929cd4f845d,a8b396cd7edcd4340e02a07685084cd6,delivered,9/27/2017 14:43,9/27/2017 14:56,9/30/2017 15:55,10/13/2017 21:13,10/27/2017 0:00
9ceb8ab5165cefecdddb546cb5a6362b,eb1c0e1ca3e17eccaefb7f0d4dc659b1,delivered,2/5/2018 17:27,2/6/2018 17:32,2/7/2018 23:34,2/18/2018 14:28,3/6/2018 0:00
95a74a28d622001aafb5dd088ea0d88c,b3519c0352b07bc3017acebea4ce6724,delivered,11/16/2017 14:32,11/17/2017 14:25,11/20/2017 12:49,11/29/2017 0:44,12/6/2017 0:00
d493148aa5f8d08914d29ec0524e1196,d7b9004ff34610bb3451b130ee2bf38e,delivered,1/31/2018 13:21,2/1/2018 13:35,2/5/2018 17:12,2/14/2018 18:04,2/26/2018 0:00
a0d5b8474423ddf55228373b81a46272,3f7d26944f7f68bd2ac23b5e8b500ab0,delivered,1/11/2018 16:51,1/12/2018 2:38,1/15/2018 17:24,1/22/2018 21:18,2/7/2018 0:00
cbec453ddd874ca620b8afc6393e3218,0fc25a3451d81cfe409466e229afdbb0,delivered,6/4/2017 10:05,6/4/2017 10:22,6/5/2017 9:12,6/12/2017 17:45,6/26/2017 0:00
61988b318aaf57d18336c629bc42cf1b,02731f7e9105dec7fc7fa715ccd821b3,delivered,3/29/2018 16:17,3/29/2018 16:35,4/4/2018 0:08,4/13/2018 20:03,4/19/2018 0:00
b88d7ae9bd78eac18e8b6ceb04695fb8,6dbe3c4683c66130a8e242bf4bb218d9,delivered,7/17/2017 21:55,7/17/2017 22:10,7/20/2017 20:19,7/27/2017 18:41,8/8/2017 0:00
908e767e28908dc5ec61fe0ef8ef03f9,64d181ef52b1829800c598942459061b,delivered,5/9/2018 14:32,5/10/2018 11:36,5/11/2018 10:44,5/17/2018 22:05,5/28/2018 0:00
c82a457d646f77c8f151e12a3e517ed2,c178d6d544925594fafab0ba493cd645,delivered,8/8/2018 21:11,8/8/2018 21:25,8/10/2018 17:10,8/15/2018 15:02,8/15/2018 0:00
edc531c3153d23614049077e7e1e6405,68b315ac209c92f15ec1f364f5d45e67,delivered,4/17/2018 11:25,4/19/2018 2:51,4/25/2018 8:54,5/3/2018 21:54,5/9/2018 0:00
e22b71f6e4a481445ec4527cb4c405f7,1faf89c8f142db3fca6cf314c51a37b6,delivered,4/22/2017 13:48,4/22/2017 14:01,4/24/2017 19:08,5/2/2017 15:45,5/11/2017 0:00
6efcd938092fe73904610b4bd39b2e7f,8ebe25aca53cef9a055de5c20eca76e7,delivered,12/11/2017 21:43,12/11/2017 21:55,12/13/2017 15:12,12/18/2017 16:53,1/4/2018 0:00
1e8c81805b92ff169971231458670460,33b0d5c2438d9cd6426c6568dfbb908d,delivered,5/4/2018 10:29,5/4/2018 10:51,5/7/2018 14:14,5/16/2018 20:37,5/23/2018 0:00
4d630f57194f5aba1a3d12ce23e71cd9,6d491c9fe2f04f6e2af6ec033cd8907c,shipped,11/17/2017 19:53,11/18/2017 19:50,11/22/2017 17:28,,12/13/2017 0:00
1da00355018ed3e0fdd548cf3ddada99,2c5c2fb51bbbcdcc297f3b37449627bb,delivered,12/17/2017 19:40,12/17/2017 20:50,12/18/2017 16:36,12/27/2017 13:47,1/24/2018 0:00
21c71f62d2554e1ad6c8ba9dc7af2c62,aa3d8c9eec8e52e90b117efe5e97a560,delivered,12/21/2017 4:59,12/22/2017 4:51,12/23/2017 13:12,1/3/2018 22:54,1/19/2018 0:00
93a21c10557cc1b1ecfe2c3a808c648a,45c9fcdb0cd88a5630cb4405c4d2e4a7,delivered,2/27/2018 10:05,2/27/2018 10:15,3/1/2018 20:39,3/5/2018 20:53,3/22/2018 0:00
38c4ae942b818085578157aabd4abf9e,c0cc17e4ee16598f33ce7ccc36e3b4d0,delivered,3/18/2018 20:59,3/18/2018 21:10,3/21/2018 21:05,3/29/2018 13:49,4/24/2018 0:00
f175d67589e059cbbda956f10f0702e6,a4555d257db29ef5f838cec4101c5208,delivered,1/5/2017 13:34,1/7/2017 3:45,1/11/2017 16:25,1/17/2017 15:52,2/13/2017 0:00
c263211bd219538f7c031591e87ef0d7,ed8c52327eecff596e141636d5b556d2,delivered,11/24/2017 16:56,11/28/2017 3:48,12/8/2017 23:28,12/18/2017 20:24,12/19/2017 0:00
7835af1856de332f2f3c9204b740a3a2,d1b370c90ad7dacb840010a6e89c7e89,delivered,12/24/2017 17:34,12/24/2017 17:48,12/26/2017 19:49,1/3/2018 21:12,1/19/2018 0:00
507240e305d631056d7ced5d5ab0eb9a,5cff2efe34e8e604619520cc86201235,delivered,3/29/2018 15:08,3/29/2018 15:29,4/2/2018 23:24,4/5/2018 19:34,4/11/2018 0:00
17c2ee64306efa76f1389315a974eeba,79c102ed4db4e20845856cd68660f8f6,delivered,11/29/2017 17:43,11/29/2017 19:16,12/2/2017 14:24,12/12/2017 22:32,12/26/2017 0:00
5ec8f4e8fe5ee3fd5460b244d0804f9e,3fd2baf81d32adb95c43e1d490a8979e,delivered,4/3/2018 13:47,4/5/2018 2:27,4/5/2018 23:22,4/13/2018 23:45,5/3/2018 0:00
7156f3e0b94405abcbad1a8c94557338,5134baea6a4f11251fc92a2f358dfb4c,delivered,4/20/2017 16:18,4/20/2017 16:30,4/24/2017 9:53,5/3/2017 11:43,5/10/2017 0:00
def622b4b003c4749c889dd9a0b43eca,e28087daa16ea2d4ef377fd789af20b4,delivered,1/25/2018 23:13,1/27/2018 2:45,1/29/2018 20:37,2/8/2018 18:38,2/21/2018 0:00
434d3eec8dd031c322077fb2452e53a0,7a7893d13f178fdf58daeff7347e2d94,delivered,5/8/2018 14:38,5/8/2018 14:55,5/8/2018 16:46,5/9/2018 15:15,5/16/2018 0:00
3ef7c7b43ae449415675a6c34720b78e,cae507afa38570ca8b08ae0cbcadd5d5,delivered,6/16/2018 19:05,6/18/2018 12:37,6/21/2018 14:12,6/26/2018 17:08,7/12/2018 0:00
7e3e92dc3eaf5389f32da97228f7dd0e,62d50e9a714ac024c196d9548594e2aa,delivered,7/2/2017 20:47,7/2/2017 21:03,7/3/2017 11:42,7/11/2017 20:22,7/25/2017 0:00
4d95703047b8a80cf5796b7478900ec7,da18c242eff18510c1df2f0337a9be95,delivered,1/23/2018 23:59,1/24/2018 0:16,1/24/2018 16:47,1/30/2018 14:36,2/19/2018 0:00
955e2b622db1a1f4031ef035ce9a861f,8d0c2ae2c7b532f0e90bdd06bc9a04b7,delivered,1/16/2018 22:34,1/17/2018 3:34,1/17/2018 17:26,1/22/2018 23:23,2/6/2018 0:00
cf8f7b73e35cb19ff895c2f45c1ded72,2d9cd6d6d59bfd360ba595e45d097409,delivered,2/22/2018 15:04,2/23/2018 7:08,2/26/2018 21:04,2/28/2018 21:09,3/8/2018 0:00
fd9b8ed51e5ffedf7a56bea36cc5b6f9,0385c03f2b10a0a50ee72d8e3649a4b3,delivered,3/30/2018 23:11,3/30/2018 23:26,4/4/2018 20:04,4/19/2018 18:03,4/27/2018 0:00
bb4f0c21ae6014e40ef007ff6fbcbeb9,94f7f1cb719dd707fd437e918d282537,delivered,2/12/2017 18:48,2/12/2017 19:02,2/16/2017 14:42,3/1/2017 14:09,3/16/2017 0:00
f31535f21d145b2345e2bf7f09d62322,ed532487db04478dfba09d112649fc13,delivered,2/1/2018 7:47,2/1/2018 8:10,2/2/2018 0:24,4/23/2018 15:49,3/5/2018 0:00
d86359a45e3f6c6d8b35f7b13e41abf5,a1acf95041edd043087a040e89449636,delivered,6/6/2018 14:21,6/6/2018 14:35,6/8/2018 13:20,6/15/2018 14:28,7/12/2018 0:00
248ff7b41bfa395f5ee828720889e664,754862f813b4662e840ff16a52db05f0,delivered,11/17/2017 13:12,11/17/2017 13:35,11/21/2017 18:18,11/27/2017 20:41,12/12/2017 0:00
2d5cdc856665603f1580e3586bde89a5,caecab08cac2be52d89f87462765b4f4,delivered,1/30/2018 17:36,1/30/2018 17:57,2/1/2018 18:13,2/5/2018 19:38,2/21/2018 0:00
b06112f703115e6d92f3baf4e2458a5a,1224a9f43655b57c469ab096e6ba5dc2,delivered,3/7/2018 12:08,3/7/2018 12:29,3/8/2018 19:58,3/13/2018 18:56,3/21/2018 0:00
45ac1d4b219993bf334080eac1585166,a7d1dc2de29fc011bf5f947f8a8636c7,delivered,1/10/2018 9:04,1/10/2018 10:31,1/10/2018 22:48,1/17/2018 15:44,2/8/2018 0:00
51fc12a7908ea200b269a6ecfb3e7740,abbfa19a38ba17ff02883ba523a9d42f,delivered,2/8/2017 18:00,2/10/2017 2:55,2/15/2017 12:37,2/20/2017 18:14,3/17/2017 0:00
c228d309379c3ae545cc6ca2d5aae1b2,eca5e1383292be5fc6c5b1aa3e1215b5,delivered,6/30/2018 21:57,6/30/2018 22:10,7/2/2018 13:39,7/4/2018 21:48,7/24/2018 0:00
f419e615bbdeb34741d4bdd661ff8599,271f76c70ce217ee656713b99097eaef,delivered,8/8/2018 10:49,8/8/2018 11:05,8/10/2018 13:40,8/16/2018 19:18,8/17/2018 0:00
c10ff28c81d0b9bd2a265bb0836c8b0c,05535d34af5324aaf6988e1d890a0d6e,delivered,10/5/2017 5:23,10/5/2017 6:21,10/6/2017 17:16,10/9/2017 18:32,10/30/2017 0:00
638f79643fd5681c6e6c6ef1f1ab700d,69d8d9775287ba592a957eba2211d351,delivered,4/10/2018 14:58,4/10/2018 15:11,4/17/2018 13:16,4/27/2018 23:17,5/11/2018 0:00
a094215e786240fcfefb83d18036a1cd,86acfb656743da0c113d176832c9d535,delivered,2/8/2018 18:56,2/8/2018 19:32,2/9/2018 21:41,2/19/2018 13:28,2/22/2018 0:00
86e574a0701d15590bf31783bc7de5dc,cacade100f1ef4bb325438538d726a76,delivered,7/12/2018 20:24,7/12/2018 20:35,7/17/2018 10:32,7/23/2018 18:09,7/27/2018 0:00
fb9b2930f4a30f96c7cc98eaaa85e5f0,02ed2cff54eb047cdbe79dd0535945d4,delivered,11/24/2017 14:15,11/24/2017 16:19,11/30/2017 18:18,12/17/2017 10:47,12/14/2017 0:00
8e24261a7e58791d10cb1bf9da94df5c,64a254d30eed42cd0e6c36dddb88adf0,unavailable,11/16/2017 15:09,11/16/2017 15:26,,,12/5/2017 0:00
02aec12849744e266394182861265286,076dcea2eb6c8dbe9354f7c0d8670a00,delivered,8/31/2017 17:46,8/31/2017 18:05,9/4/2017 19:22,9/12/2017 20:59,9/27/2017 0:00
f11b36b3bc7bacf06deef862ed611f02,ae8db0691449a44352e7d535ddf78c5e,delivered,5/15/2018 9:10,5/16/2018 3:14,5/16/2018 15:47,5/22/2018 20:37,5/30/2018 0:00
2c3a5e5f5bc3ae78ed5748461e62d47d,5f2bc926ec92aa65c33b70ed59e74175,delivered,1/22/2018 19:22,1/22/2018 19:36,1/24/2018 0:34,2/6/2018 15:49,2/6/2018 0:00
4eeecb9e657525024b9b538730c5f974,b7a7e149c4a6120ec3938bd2752683c2,delivered,6/16/2018 0:01,6/16/2018 0:23,6/18/2018 12:23,6/28/2018 16:41,7/13/2018 0:00
6f954a919130aa1e8def4ed1b9fca432,d929280e89af72c9509d90a5912adaa4,delivered,7/28/2018 18:21,7/31/2018 3:50,7/31/2018 11:13,8/1/2018 23:57,8/2/2018 0:00
56bd45163229b35ca0ab490c1e3d3233,f8975f0842ae1e4670a410a02b1b5053,delivered,11/28/2017 21:07,11/28/2017 21:17,12/4/2017 21:37,12/12/2017 20:22,12/18/2017 0:00
6bb1e842418aac0c9c820afd3bb63a2d,032f25110f17bb0d65268257b10738bc,delivered,2/11/2018 14:13,2/11/2018 14:25,2/21/2018 18:49,3/5/2018 22:04,3/23/2018 0:00
28fa410eec232354726af94904c6fa9b,229755021cdd010bc07d4f5b35c78ef6,delivered,3/17/2018 15:21,3/20/2018 3:48,4/5/2018 0:32,4/6/2018 1:23,4/16/2018 0:00
f93af565de05d2427790ad8d0368a80e,abd4fba77f31f5efdc766a09851e4da3,delivered,6/3/2018 11:52,6/3/2018 12:10,6/4/2018 15:05,6/5/2018 18:19,6/28/2018 0:00
3f3913e8c7fd221ac82a34ffa20b93ee,a9c6cd6cf9583fa5820d55c21238f78e,delivered,5/7/2018 21:49,5/7/2018 22:11,5/11/2018 13:49,5/17/2018 16:56,5/24/2018 0:00
ed91235fc08276eed0470b26a6dbd4a3,977275bd3cd425aa9926a3388658f485,delivered,3/9/2018 14:58,3/10/2018 14:50,3/13/2018 19:18,3/29/2018 23:31,4/5/2018 0:00
7107c5823a581db0314f8f0fa95f61e7,2368e38c19fd581f0953057716cad811,delivered,2/27/2018 15:53,2/27/2018 16:15,3/1/2018 20:07,3/22/2018 22:12,4/3/2018 0:00
3a830ecb5338f0ff69822d388b64822e,f8c3d249c98f91b25409df45d4a095e3,delivered,1/24/2018 11:40,1/24/2018 15:08,2/7/2018 18:44,2/15/2018 15:08,2/20/2018 0:00
955ea2e3177592d909296220d7fcdebd,58ffe52cbd8077e75af00321bd152ce2,delivered,6/9/2018 11:02,6/9/2018 11:15,6/11/2018 14:05,6/19/2018 11:22,7/4/2018 0:00
6d231a099f98f5a590ad78db56ae82f1,6ee311afc0adb5663ad53868d46ba39d,delivered,11/11/2017 22:16,11/11/2017 22:30,11/13/2017 21:32,11/16/2017 21:48,11/27/2017 0:00
4bb6e6f5af26e1f5951d934386615406,f962bd6ee98fa707c3e2eb532bab37b0,delivered,6/28/2018 11:08,6/28/2018 11:31,6/28/2018 11:57,7/9/2018 16:02,7/31/2018 0:00
c4d2f075fc3bf3a06d1e68e113c35cbd,aa6edca5d83d4c8e9a2262b9847febd6,delivered,8/1/2018 14:58,8/1/2018 15:31,8/2/2018 16:46,8/15/2018 0:18,8/27/2018 0:00
52e5445828db681d83dccb33a15ecac4,d42ee2c04270ba237933c8bdd5e1c761,delivered,11/24/2017 17:37,11/24/2017 20:56,11/27/2017 15:12,12/19/2017 14:19,12/27/2017 0:00
879195f2460f97ab2f3bf119f2e8638b,09cdb569d94234872c468f2711ca0f91,delivered,2/3/2018 14:56,2/3/2018 15:11,2/5/2018 15:54,2/23/2018 22:59,3/1/2018 0:00
22ff7c206b68858435452298296c2fcb,5ad934ace4646e3dad70148a823eb138,delivered,4/27/2017 10:24,4/27/2017 10:35,4/28/2017 14:07,5/11/2017 17:22,5/25/2017 0:00
ebc8d4b1397747291b758772e9d87984,4d225460f83ea2b1ac705ad1d5eef02f,delivered,4/10/2018 16:22,4/10/2018 16:35,4/11/2018 16:58,4/23/2018 13:47,5/4/2018 0:00
9f882c1f904b7dd156572ada58d7a7ae,843ff05b30ce4f75b6170b39c78a8ee5,delivered,11/13/2017 10:07,11/13/2017 10:16,12/1/2017 23:19,12/11/2017 17:38,12/22/2017 0:00
5691d72069359cd293ac9a14f1bd5e9b,a8f76d9cb0f8db57cbbfe8d67b257893,delivered,7/23/2018 10:21,7/25/2018 2:55,7/25/2018 13:19,8/2/2018 0:42,8/14/2018 0:00
884cb4ce4a06390d35206de06f785d13,d19813c8754cc82d0add67df8bd8a38c,delivered,4/3/2018 20:44,4/4/2018 3:29,4/4/2018 19:12,4/5/2018 20:09,4/13/2018 0:00
8e9e2a5d159d5718b34b926a34a0498f,3e8da88b70b67f67a05f66a138bd7f14,delivered,1/12/2018 19:27,1/12/2018 19:37,1/15/2018 23:19,1/17/2018 22:08,1/31/2018 0:00
c0aa0e99afe6f6dac845326a854690fd,316540a76ab1fe860a9cddf7f2f6717a,delivered,7/24/2017 17:19,7/24/2017 17:30,7/26/2017 0:58,8/8/2017 15:07,8/11/2017 0:00
1d251ab94983c4adb11e4b168abb1439,230ab395e91b2421bd00ea45b60b23cb,delivered,3/7/2018 23:46,3/8/2018 0:49,3/8/2018 20:12,3/16/2018 13:58,3/28/2018 0:00
d9cfa4b0f995deb2fa9758d5534e1d13,24d47eeeee1e60eb5caf099281d0b3b8,delivered,6/5/2018 11:36,6/5/2018 19:15,6/6/2018 14:59,6/11/2018 21:38,7/16/2018 0:00
8a49984afb76dae66f3810e1b7093ec4,3cc640f13134a74f3bc34b9b0094d412,delivered,2/15/2018 23:27,2/17/2018 3:35,2/19/2018 23:53,3/14/2018 16:52,3/20/2018 0:00
c26b94aa87e95d1c1eb1b592f43eb223,7aed8da5ae4e0e34226c47f3bf041956,delivered,6/29/2017 0:10,6/29/2017 0:23,6/29/2017 15:41,7/10/2017 17:36,7/19/2017 0:00
06ae7271902bbb087fc093137fee6e81,1a1b5f9e903aa3c203caf5cb63fca2b1,delivered,1/19/2018 21:07,1/20/2018 9:09,1/29/2018 20:17,2/20/2018 19:27,2/22/2018 0:00
8373f5d7df6d9249999fd38f8513e6d7,690515766f9073c82cc07cfa11c4fc11,delivered,3/29/2018 12:00,3/29/2018 12:48,4/2/2018 16:46,4/9/2018 19:26,4/17/2018 0:00
3b4ad687e7e5190db827e1ae5a8989dd,1a87b8517b7d31373b50396eb15cb445,shipped,6/28/2018 12:52,6/28/2018 13:11,7/4/2018 15:20,,8/3/2018 0:00
4570fa83dbb31a563e06db0a554b951e,cdfe21141f5df77ba0fb20bef6621a9f,delivered,3/15/2018 20:23,3/16/2018 20:31,3/20/2018 23:42,3/29/2018 19:22,4/6/2018 0:00
04040ee654b248cdc512a68ecc83e4cc,53379b14e4048e025dc5a2185f461bb7,delivered,3/27/2018 22:14,3/27/2018 22:30,3/29/2018 1:04,3/29/2018 18:28,4/9/2018 0:00
0b584b729bdfec204ec2aa5d21d6ca56,da2fbad9b2235c67c9bc7c7a274ee389,delivered,8/3/2018 13:32,8/4/2018 5:05,8/6/2018 13:43,8/14/2018 0:28,8/23/2018 0:00
bd2623f3663c5daa3f89e6b527fd49da,b7b15ab12fa50616eee696a22f098e07,delivered,1/21/2017 17:08,1/21/2017 17:22,1/24/2017 7:47,1/27/2017 18:12,3/2/2017 0:00
343076b69aa1f03ee4beb49cf6baee58,a4156bb8aff5d6722dc68f605d8fa241,delivered,9/26/2017 11:08,9/26/2017 11:24,9/28/2017 19:33,10/3/2017 18:35,10/23/2017 0:00
b68d69564a79dea4776afa33d1d2fcab,de1e5517fb50896bbdcff5814fb31802,shipped,2/28/2018 8:57,2/28/2018 10:40,3/5/2018 16:10,,3/23/2018 0:00
f04bfdbef5359607d39e66fccc9cc0de,ddbd5d378c4a0981ba1ef29fb8e40b8f,delivered,9/13/2017 15:07,9/13/2017 15:25,9/14/2017 19:27,9/22/2017 16:48,10/4/2017 0:00
d74d2985a4c187334dc59722076a2e5f,5f49d01f1579c231565f6629a6cb3c0f,delivered,8/9/2018 20:36,8/9/2018 20:50,8/15/2018 6:23,8/25/2018 0:46,9/5/2018 0:00
bd3e89bd89fac4760b244047d795e2fe,046911a55a7bc12ca917758e9c4cb5ee,delivered,12/7/2017 9:40,12/7/2017 10:31,12/7/2017 20:21,12/11/2017 18:52,1/2/2018 0:00
fb6ba131bbeb30fd6db9c8900b5c5b92,af5b08db5f1a31a3b6856a8a6dc33167,delivered,5/30/2018 2:41,5/30/2018 3:24,5/30/2018 13:39,6/22/2018 22:41,7/18/2018 0:00
82daed31f80350ce51f518369a8d181c,d1240cdcdb9e6f08aa9a329bf1751c0e,delivered,6/27/2017 10:45,6/27/2017 11:04,6/27/2017 14:56,6/29/2017 16:45,7/10/2017 0:00
4906eeadde5f70b308c20c4a8f20be02,4e7656e34357b93f14b40c6400ca3f6e,delivered,12/8/2017 4:45,12/12/2017 3:50,12/12/2017 17:43,1/9/2018 18:04,1/3/2018 0:00
ae17bb94dfb3eaf396cd393eace1de80,9cd169cea5076bf383e40a261d7b7142,delivered,3/9/2018 15:09,3/9/2018 17:00,3/12/2018 18:42,3/26/2018 21:07,4/3/2018 0:00
6379750dac6a8a1e11378e34278ae8df,6729078b4efa4371e61e6ec7df327846,delivered,9/11/2017 11:50,9/11/2017 12:05,9/14/2017 20:57,9/19/2017 21:47,10/4/2017 0:00
7ac1f3de2cdc809de6aa1e6719451f53,13a4684a5a46fcbafb42d8e30af15219,delivered,6/12/2018 9:52,6/12/2018 10:21,6/12/2018 15:31,6/19/2018 17:57,7/12/2018 0:00
aa466a92af916f9f68e56fce7d3a21b1,2c5491a76ec0a56db58282ea7ae70617,delivered,7/3/2018 1:17,7/3/2018 1:30,7/3/2018 13:58,7/11/2018 22:52,8/8/2018 0:00
c619ac0f9cdcfcebdfb9490451166da4,e5f6020aa61432f0dcb0fcda1c5113d9,delivered,5/23/2017 15:28,5/24/2017 15:35,6/1/2017 16:27,6/12/2017 16:48,6/23/2017 0:00
31ef15cb5a3faa4df17e96b09cd8c1a1,19c6be9e0d7588d54ad848d44abeae95,delivered,11/29/2017 18:27,11/29/2017 19:31,11/30/2017 22:32,12/11/2017 21:44,12/22/2017 0:00
dc400373e624e9b0435847a79813c658,4a00f00d951c167739888a1f16c56e8e,delivered,1/14/2018 18:49,1/14/2018 18:59,1/16/2018 20:15,1/20/2018 14:28,1/30/2018 0:00
09d3f9f1be63c067456cc619076685a1,b6f05b99667a02c3722610a7bb6b4062,delivered,8/23/2017 15:40,8/23/2017 17:33,8/24/2017 16:25,8/29/2017 21:36,9/13/2017 0:00
e3a83a19707a6f27e4fde8d6b13d43f4,39f944145e00598d075faec0bb1f447a,delivered,9/10/2017 22:32,9/12/2017 4:50,9/13/2017 18:26,9/18/2017 18:48,9/28/2017 0:00
7d2286ec219f58023352077d938dee48,5d6e19aed6284c2fcb4b1a0eba6820de,delivered,8/21/2018 16:45,8/21/2018 17:08,8/22/2018 15:18,8/23/2018 21:03,8/27/2018 0:00
ec1fc57b72a7bbe5b32f9c606510db76,559f9d302aa523b2dd718e956f248db5,delivered,5/27/2018 17:59,5/27/2018 18:14,6/6/2018 16:10,6/12/2018 20:48,7/3/2018 0:00
16c24987724018f73b746aacfbb5f8e8,ffdc2af7160aed3bad21cbc8ec68c0c5,delivered,5/20/2017 2:48,5/23/2017 3:50,6/5/2017 13:58,6/16/2017 16:52,6/9/2017 0:00
d3c8851a6651eeff2f73b0e011ac45d0,957f8e082185574de25992dc659ebbc0,processing,10/5/2016 22:44,10/6/2016 15:51,,,12/9/2016 0:00
75f433fd5ff62807235cb08b520c3c49,c40c7807639289e3f1308ac6e5bc104f,delivered,7/28/2017 11:25,7/28/2017 11:35,7/28/2017 19:58,8/7/2017 20:41,8/17/2017 0:00
bca3dc20a3ec02261c5b17dc270e9e65,90065cd5c7c581bf099b1b9bd589a3fe,delivered,12/5/2017 10:34,12/6/2017 2:50,12/8/2017 21:41,1/4/2018 16:57,1/5/2018 0:00
bbd64b019b5ea3ed83a114cc665328ff,3e87356efef361b40b30fd699f9e5638,delivered,3/7/2018 15:37,3/7/2018 15:55,3/8/2018 23:25,3/10/2018 0:05,3/20/2018 0:00
74c951ce0835b2741d3014321ae9c480,e26eb46e8146dedecc6524e5d9771047,delivered,8/20/2018 17:38,8/20/2018 17:50,8/21/2018 13:09,8/22/2018 19:29,8/24/2018 0:00
4e2160ff7a61b2bf4fbd2e527ea924d3,ea36ec29b56eded534644f21b9561efc,delivered,2/9/2018 13:48,2/9/2018 14:15,2/9/2018 22:53,2/22/2018 17:14,3/6/2018 0:00
b75b4f6e7c5fe3fa05707992a88d9d38,83da8aec5d2e8b2847e6ca45bea5588f,delivered,8/2/2018 14:41,8/3/2018 14:35,8/6/2018 8:31,8/10/2018 22:12,8/16/2018 0:00
6f841dde94727854eaff3f66432c80ea,a9c9532060c9d245f06526c633d2dfba,delivered,1/2/2018 19:20,1/2/2018 19:32,1/3/2018 17:34,1/27/2018 14:27,2/5/2018 0:00
2b72a32a2c3e93fa260ca7655073886f,5265029daa29cc08d86b9f96cd99d03f,delivered,4/18/2018 15:40,4/19/2018 8:15,4/25/2018 13:34,5/3/2018 13:03,5/18/2018 0:00
f373335aac9a659de916f7170b8bc07a,f06a94a401e52fb019c72f2e8bbf6a2f,shipped,3/17/2018 15:32,3/17/2018 15:48,3/20/2018 21:08,,4/13/2018 0:00
3d087f98b006ae162b5e3b56e7bfdb4a,993a76ab0714792eb45d4ebdd58e9a1c,delivered,1/5/2018 11:04,1/5/2018 11:15,1/5/2018 21:33,1/23/2018 17:41,2/14/2018 0:00
a7076e7aba13de8b66d95a55811290ed,1ae196062dab95e434e781a5319f0ab9,delivered,5/14/2018 11:04,5/15/2018 4:35,5/15/2018 16:22,5/21/2018 20:32,6/4/2018 0:00
d7f4e2f755cf2f40aa7c39804cfe01c4,18ad705482141f60ad05945506ef2b9e,delivered,11/26/2017 12:50,11/26/2017 13:14,12/1/2017 16:52,12/8/2017 17:02,12/20/2017 0:00
6f5a2dbe5ccce73a9d053a542baabd1c,4d6793a25de1f63ca63869c6cd4b7b1f,delivered,6/26/2018 10:58,6/26/2018 11:18,7/5/2018 15:51,7/7/2018 17:37,7/26/2018 0:00
66f6b3a33b0339acbf55dd71977c4293,282d52f23f7c0ece9340d411c4d2cdd9,delivered,12/1/2017 20:39,12/1/2017 20:50,12/5/2017 0:23,12/18/2017 22:29,1/3/2018 0:00
2f246ee329fce6932458bc7a10625d2a,45f9053fc8b24a6d5afa05b6d1b330ab,delivered,5/26/2017 18:35,5/26/2017 18:45,5/29/2017 9:37,6/9/2017 8:26,6/28/2017 0:00
d65c179a817be22977e263fbc1a4fef4,e20e5dab42cf2fc3a11d1c89e087122b,delivered,8/9/2017 21:43,8/9/2017 22:03,8/10/2017 16:18,8/18/2017 21:09,9/4/2017 0:00
2babe10ce6bcb68b1e3bd35e24424466,debcdbb31583da1dbb6560b95ee39b18,delivered,8/9/2018 22:52,8/9/2018 23:05,8/13/2018 19:05,8/15/2018 0:27,8/20/2018 0:00
ac64f79a33bfa575fc5a17e7926df3d5,51a8d592336a414fea21f12534b0f797,delivered,4/1/2018 18:27,4/2/2018 17:55,4/3/2018 18:25,4/4/2018 19:47,4/12/2018 0:00
727412faf7aef5ef3c7e0f03350d80c7,df01594ad086f53bdbbf927198981446,delivered,4/19/2017 13:45,4/21/2017 5:22,4/27/2017 5:53,5/9/2017 9:03,5/25/2017 0:00
cedd898e1a953e9a8f3d763a364f6717,d44c356f894fa28cffe33c455abb72ba,delivered,8/17/2017 17:03,8/17/2017 18:05,8/18/2017 19:57,8/25/2017 17:45,9/13/2017 0:00
858505c5992f35429d07aae37bad60a8,0fa5382628eea6bbb19fde8b076dfdfb,delivered,8/16/2018 10:39,8/16/2018 10:50,8/22/2018 13:47,8/27/2018 22:53,9/21/2018 0:00
6cb134bb285a64b0425d1fdaa00d4214,d854800a320bbb07b484f76894e4638f,delivered,7/1/2018 20:54,7/2/2018 20:50,7/3/2018 10:48,7/10/2018 22:12,7/26/2018 0:00
f11e9516ca2b6091b64f2e2ea0ebebb3,7d527c98f408420a9d5c953e5b89215e,delivered,2/22/2018 20:53,2/22/2018 21:28,2/23/2018 23:19,3/28/2018 22:04,3/19/2018 0:00
4d4ef6cd8147028ffd8c18dc0f6e3050,9afa8a81202f94d96ffed6977f09ea63,delivered,8/24/2018 19:01,8/24/2018 19:15,8/25/2018 9:02,8/31/2018 1:13,9/12/2018 0:00
0438fc3e115633e11a93c878a1591016,369ec69ef76c47e51980b88a5740dc1b,delivered,8/11/2018 20:58,8/13/2018 10:10,8/15/2018 13:54,8/20/2018 22:57,8/28/2018 0:00
3faf126d8a3b0684272791cd3c6cf3fe,824841f5112b77c04e832f5a46c2d733,delivered,2/25/2018 14:13,2/25/2018 14:28,2/28/2018 19:59,3/7/2018 18:31,3/28/2018 0:00
0b0f3c7a9bcb6ad1fccab28f9240da6f,7bb3b0d45b4e1a13cd914e4a135e6bd9,delivered,7/11/2018 17:22,7/11/2018 17:35,7/12/2018 16:19,7/13/2018 20:56,7/23/2018 0:00
65f78a0e1f8b80c4f6d8d5c6073b8601,1910935b7377a45bca463c844d7a071e,delivered,7/31/2018 16:16,7/31/2018 17:30,8/2/2018 12:35,8/6/2018 17:36,8/14/2018 0:00
b7e4aca3e798d20643faacb681272a9c,be64f74b2773efd8d765f8417b65d276,delivered,10/11/2017 17:31,10/11/2017 17:46,10/16/2017 22:14,10/25/2017 20:21,11/8/2017 0:00
b52d29abb97a3978df1d8922bfe36fbe,ed034127e0801850ca9162dd9de7a106,delivered,5/9/2018 17:11,5/9/2018 17:36,5/10/2018 14:28,5/21/2018 15:38,5/29/2018 0:00
3f596c69e8e78788530d898331118c7c,6230e4c4b38009c58b83aa90c2603ed9,delivered,11/25/2017 16:23,11/25/2017 16:34,12/1/2017 0:16,12/12/2017 0:35,12/21/2017 0:00
0c228d925a49aa5e3b35febb948f4f72,ee4a4b5842e03fbaff366b9459e08b95,delivered,7/24/2018 12:45,7/24/2018 13:24,7/25/2018 7:24,7/30/2018 16:56,8/8/2018 0:00
6cc4eb51469dec50a6130fe1cd07b7f9,a207382f0f563c1f430ef732ade9d9ff,delivered,5/8/2017 12:22,5/8/2017 13:05,5/9/2017 8:22,5/19/2017 15:55,5/19/2017 0:00
4709741e829775567b92abc42437b461,bd13582471af02ce718568d9cf8bbd93,delivered,3/29/2018 22:46,3/29/2018 22:55,4/3/2018 14:58,4/9/2018 23:52,4/25/2018 0:00
0341b60065c49221a27293793f11b117,cf4604a56d4e374de013f1ec35280d00,delivered,4/22/2018 14:26,4/24/2018 17:34,4/25/2018 0:52,5/20/2018 18:19,5/24/2018 0:00
25ebb07a1069a75d3cb9baf0a94f22d0,d76dc2ed3d9f58905f39deea067fd40f,delivered,7/22/2018 6:24,7/23/2018 11:32,7/25/2018 6:36,7/30/2018 18:05,8/14/2018 0:00
c2d07d9078b700b9198a126183867c16,20c5718e5f50e1e3800046039376e216,delivered,8/14/2018 17:48,8/14/2018 18:23,8/16/2018 9:02,8/21/2018 14:06,8/30/2018 0:00
25d47ee9a060a0359e8a10a858fc39a1,3271f9dc34c1d718be03cff03dec7acd,delivered,12/19/2017 13:02,12/21/2017 2:11,12/21/2017 16:59,1/12/2018 10:46,1/17/2018 0:00
cf0ac4e12ad66c28302fc103670222fa,70ab5e994ea383619a19687837eedbbc,delivered,10/25/2017 13:32,10/26/2017 3:09,10/26/2017 20:42,10/28/2017 13:03,11/7/2017 0:00
43488f856ed3fa3e7d3f8228755d383b,5a58afc695ee03b9baca01d4afa52cec,delivered,7/31/2017 19:05,8/1/2017 15:15,8/4/2017 17:29,8/14/2017 15:07,9/1/2017 0:00
32bda40452bf0485c310bca24eb53886,ebfb3f2e532c37d5a959ded000c9f603,delivered,7/6/2018 18:16,7/10/2018 8:45,7/11/2018 11:51,7/16/2018 13:11,7/27/2018 0:00
2728209b1b0553533bce4afc52716b60,8e2e23cac1496c337274b16fb7d57886,delivered,10/24/2017 14:23,10/26/2017 2:56,10/26/2017 19:23,11/1/2017 19:18,11/14/2017 0:00
b335cf4d393acc627b82e83b3b3711fe,47c42b50ab59928b531c450e672ce223,delivered,6/12/2018 20:54,6/13/2018 2:36,6/15/2018 13:13,6/22/2018 15:48,7/5/2018 0:00
59d34e1064930d037d30041b73683aa7,8397274a8680c08c3208912c33d63809,delivered,11/9/2017 21:08,11/9/2017 21:31,11/10/2017 21:58,11/16/2017 16:52,11/29/2017 0:00
6f6665c1d76e55561978ccb45bdcafc6,12ae89712aa5a178c22147486d3cd310,delivered,2/23/2017 8:03,2/23/2017 8:15,2/23/2017 9:10,3/2/2017 9:23,4/3/2017 0:00
db5fdbee9ab29d55f24c329246e6fe51,3487bedbddf4797d7308d0aa43dcf30b,delivered,6/17/2017 13:16,6/17/2017 13:25,6/19/2017 12:49,6/26/2017 15:58,7/11/2017 0:00
9cf566da5a3277749dbd61fa060e8110,a4c79e8a9d9fcb82de5dddf33918fb47,delivered,5/29/2017 12:35,5/29/2017 13:05,6/5/2017 15:52,6/12/2017 13:28,6/29/2017 0:00
15fb9c745e91eff5482a9af2a5fad0e6,3c14bd3e2287a1b895bc9af622d3f79a,delivered,5/24/2018 12:16,5/25/2018 8:14,5/29/2018 10:09,6/4/2018 17:16,7/5/2018 0:00
141ad0192cfa16174e4fd0a1a7e7ba4a,00eb2bf26ade27447b6532561c6a402d,delivered,6/3/2018 21:08,6/3/2018 21:30,6/4/2018 14:56,6/5/2018 20:32,6/28/2018 0:00
5869074071e0f56e9085dc3742c97b2a,7203eb38fea2b4a15dd6c39575314aa4,shipped,6/8/2018 20:06,6/12/2018 4:35,6/12/2018 14:09,,6/28/2018 0:00
e5d931ebd7214cd492fff71fb6a2aeff,f19622365d4c40c686c8ca3bec559e48,delivered,5/14/2018 17:56,5/16/2018 3:15,5/16/2018 13:25,5/23/2018 20:31,6/14/2018 0:00
7842147864c0425541edd55923f3c0f1,218874412ede29f4f2cf826409ad90aa,delivered,1/29/2018 13:38,1/29/2018 13:57,1/30/2018 21:18,2/17/2018 9:32,2/22/2018 0:00
6b7c5703bdc03335b37020877a06625e,9ce1401cf82bd5420fe255e02d6292ba,delivered,11/24/2017 1:34,11/24/2017 1:49,11/30/2017 23:38,12/3/2017 15:36,12/15/2017 0:00
cbbb524a0e1646aa6cf7a3c0bbe517ad,dacb079d55ffb1d3955c5d923df3ebb7,delivered,10/5/2016 7:31,10/6/2016 2:46,10/10/2016 2:46,10/16/2016 14:36,12/7/2016 0:00
77af7c6e42549e58f42977d5be538d0d,fbf8e675c5adcf8c482b04c517814924,delivered,3/7/2018 16:27,3/8/2018 17:40,3/9/2018 17:01,3/18/2018 16:21,3/28/2018 0:00
7e05645577366863a93350aac5cc7de5,21809d6b8acb4ca628358610aea9435c,delivered,3/22/2017 17:25,3/22/2017 17:25,3/24/2017 15:42,4/6/2017 10:35,4/25/2017 0:00
ed01ce003df13cab401ba2ff57ea2542,fd24f53c8ce3ad467b44627306e0db30,delivered,11/6/2017 18:20,11/7/2017 3:31,11/10/2017 14:06,11/14/2017 18:05,11/17/2017 0:00
b7a4a9ecb1cd3ef6a3e36a48e200e3be,c3d8fc500d86b1c961ee144395c13a57,delivered,5/19/2017 18:13,5/20/2017 11:35,5/30/2017 12:43,6/8/2017 7:53,6/16/2017 0:00
f09942b1e1419e69f7509158f2a9c1d6,b40a130a36dc28cdbdabe856f1eee283,delivered,12/16/2017 13:51,12/16/2017 13:58,12/19/2017 21:04,12/23/2017 16:21,1/5/2018 0:00
d10090be5f75fb89b6817469f0ce1a30,321d2bc7c3bcd8475d52d2cf4a179c37,delivered,4/18/2018 13:13,4/18/2018 13:31,4/19/2018 0:51,4/23/2018 14:44,6/4/2018 0:00
5342acb7b183acec77f59e4d78f7c804,4d493a5e3a53373d3bc26a01575a71dc,delivered,3/29/2018 20:53,3/31/2018 10:07,4/4/2018 17:44,4/24/2018 16:10,4/24/2018 0:00
72ee4a26e767e55282ac10e63c7b1227,ab4e4f11610404b4184fb812e47bb0ed,delivered,6/23/2018 19:24,6/23/2018 19:39,6/25/2018 13:48,7/9/2018 18:21,7/24/2018 0:00
6cd474b81add3c3d62536cab3e34aa23,796e0c6b3690401bd5592b7ce89be9f2,delivered,8/6/2018 9:12,8/6/2018 9:44,8/13/2018 15:33,8/14/2018 18:11,8/22/2018 0:00
4f7e398a1ddb1c349465b42b6865c60b,364fbe9334877bc7ca3da92913b2cdbf,delivered,6/2/2017 14:00,6/2/2017 14:42,6/7/2017 12:37,6/12/2017 17:38,7/5/2017 0:00
05387d537bd2e5027aadbfb6a5123e4b,1fc77bb785f297743a18fac02b30de62,delivered,11/6/2017 16:24,11/6/2017 23:31,11/8/2017 17:55,11/20/2017 18:36,11/29/2017 0:00
59b32faedc12322c672e95ec3716d614,5baa82a2c45fa3220cb57d9881db3211,delivered,6/27/2018 11:10,6/28/2018 2:15,6/28/2018 14:57,7/6/2018 16:37,7/26/2018 0:00
c158e9806f85a33877bdfd4f607b72e7,25456ee3b0cf84658015e46686025224,delivered,4/14/2017 22:06,4/14/2017 22:15,4/17/2017 14:52,5/8/2017 11:10,5/18/2017 0:00
19721d59a9764437477eff0730b48665,b1757da2a461d581e1a3b280ca181b7c,delivered,3/26/2018 11:02,3/26/2018 11:15,3/26/2018 22:58,4/9/2018 21:53,4/27/2018 0:00
08652363092b158440e2422e7c3ccaf4,03b3813a78be4cf5205e70977ad78d29,delivered,12/4/2017 18:26,12/4/2017 19:04,12/11/2017 19:48,12/19/2017 1:15,1/4/2018 0:00
e92f3505810692cd4a0350b19e2d9045,24c63a7108d652ad0ed85589c4575297,delivered,6/13/2018 22:54,6/13/2018 23:18,6/14/2018 13:47,6/22/2018 17:46,7/11/2018 0:00
38c1e3d4ed6a13cd0cf612d4c09766e9,18c934f4cdc994cd04eb13bce3f47a18,delivered,2/2/2018 15:26,2/2/2018 16:00,2/3/2018 1:18,2/3/2018 15:05,2/20/2018 0:00
5a63a60ea2852393994270157cd61e0a,e615ca09613c8f72bf3a0bd5e2d349fb,delivered,8/10/2017 19:47,8/12/2017 2:45,8/14/2017 20:53,8/21/2017 21:00,9/1/2017 0:00
1b9ecfe83cdc259250e1a8aca174f0ad,6d6b50b66d79f80827b6d96751528d30,canceled,8/4/2018 14:29,8/7/2018 4:10,,,8/14/2018 0:00
409e4a6eadbdc33f16ccf0bda01eec1f,0e8ada3654b94e0d569b44233db3c9dc,delivered,9/5/2017 18:24,9/7/2017 2:44,9/11/2017 22:07,9/17/2017 15:31,9/25/2017 0:00
4fc42727f0b542099a7568206da01fa6,fc6788a31c7a99fec01c62063032bc12,delivered,12/7/2017 20:38,12/7/2017 20:51,12/11/2017 18:15,12/14/2017 19:42,1/5/2018 0:00
b0ff8ff92f8d916fa2e8005cd8e1a135,610a4163b8ab832daf93b4fbb48e9119,delivered,11/19/2017 16:12,11/22/2017 2:58,11/22/2017 14:47,11/24/2017 20:32,12/7/2017 0:00
bb27f9e70d5cdc66d0c616aee3dbb387,225743267e630cdf226d130d80c4aa5e,delivered,12/8/2017 23:41,12/9/2017 1:30,12/19/2017 14:14,12/26/2017 23:15,1/12/2018 0:00
b60b53ad0bb7dacacf2989fe27ad567a,2f9902d85fcd930227f711cf47012bdf,delivered,5/10/2017 14:03,5/10/2017 14:15,5/11/2017 16:25,5/23/2017 13:12,5/18/2017 0:00
db0d194c127a36909de3bda3edad30bc,33bfc91146c9eea42397a0430585ee59,delivered,11/30/2017 13:34,11/30/2017 13:56,12/1/2017 21:09,12/10/2017 17:53,12/22/2017 0:00
884b1394fc8888e6a877df86eb19e74c,7ee968b8ed74301e0cbd3e44416cad9d,delivered,3/19/2018 21:50,3/19/2018 22:08,3/27/2018 14:04,3/29/2018 17:32,3/29/2018 0:00
ac7a92560a9e99f0a0ab4988102f491b,6abf781c5304890987047e9aa239caa8,delivered,3/4/2018 15:58,3/4/2018 16:10,3/6/2018 17:14,3/22/2018 23:44,3/23/2018 0:00
197edbaa61a8a349f382553fd2180ee1,42bb82a17b70bebcc6090d38d894ea3f,delivered,7/2/2018 13:58,7/2/2018 14:10,7/9/2018 13:22,7/11/2018 14:18,7/23/2018 0:00
da8be3bb62e9bf01e2e1a3bfd74ebd1a,3f083b9f62e687be8d84684c7d54c8db,delivered,4/6/2017 13:44,4/6/2017 13:55,4/8/2017 1:37,5/8/2017 10:52,5/4/2017 0:00
dcbd516c0f39081a5e542ef76bbc3fe4,75932cfd72b87bd6079cf17786726807,delivered,8/12/2018 12:04,8/12/2018 12:24,8/14/2018 15:54,8/22/2018 17:09,8/30/2018 0:00
c2215076050fa358934105b15c34cf3b,19e7a88b34ef70d108e660c6eb33e82a,delivered,7/16/2017 10:04,7/16/2017 10:15,7/20/2017 17:42,7/26/2017 20:32,8/4/2017 0:00
8bbbef97d763f4dcf2e12cc5b5e0cee6,61ce7eba15a872699599957e5d18f0e8,delivered,7/28/2018 20:07,7/30/2018 18:31,7/31/2018 14:51,8/7/2018 14:17,8/16/2018 0:00
6de3383be650cfe96aed26171ad65c47,cae5d18352d2eb7396bd594c706f3624,delivered,10/18/2017 16:44,10/18/2017 16:56,10/19/2017 22:14,10/27/2017 20:48,11/6/2017 0:00
b8c38cf37cd17fd645f2e84101c8a679,940526d0df4938d234d0a900268106c4,delivered,8/28/2017 22:47,8/28/2017 22:55,9/1/2017 19:58,9/6/2017 20:56,9/18/2017 0:00
21f4a37ec131158f1615d0f186f190af,84b100e334843870e95ff29421ab66bd,delivered,12/21/2017 20:11,12/21/2017 20:30,12/26/2017 21:09,1/10/2018 14:26,1/17/2018 0:00
c186ebe3937470a2f562a2dc0bc74dd7,20b5aae6a3e31111009f9a7ecc31a232,delivered,11/27/2017 13:33,11/29/2017 13:37,12/1/2017 19:32,12/4/2017 20:33,12/14/2017 0:00
56a4ac10a4a8f2ba7693523bb439eede,78438ba6ace7d2cb023dbbc81b083562,delivered,7/22/2018 13:04,7/27/2018 23:31,7/24/2018 14:03,7/28/2018 0:05,8/6/2018 0:00
d62387acb3914789e712406e9882e549,ad4da04c9e20699c6ad1843af39846d2,delivered,5/8/2018 19:48,5/8/2018 20:32,5/10/2018 18:29,5/14/2018 19:05,6/12/2018 0:00
e659b8223be6f632acb24fb80cf50ca9,9ac71dee8847ffe35fb2c087da733cc4,delivered,11/18/2017 11:30,11/18/2017 11:47,11/20/2017 14:59,12/8/2017 17:29,12/18/2017 0:00
b693d6c35867fa1937455e04f2547df2,eec909ab0da04f0d3e92f898c6994d37,delivered,5/11/2017 9:13,5/11/2017 9:25,5/11/2017 10:09,5/16/2017 9:42,5/31/2017 0:00
0f9dc92df0635605588c51ec2e4c58a0,4f31c34bf33334525417bab91b4794da,delivered,12/27/2017 19:19,12/27/2017 19:29,1/3/2018 20:10,1/10/2018 18:10,1/26/2018 0:00
8efc076145638bcd5298053ddde6ff0c,faa299ecd22a2998858efc7cb87011bc,delivered,1/9/2018 11:19,1/9/2018 11:29,1/10/2018 18:19,1/11/2018 13:51,1/23/2018 0:00
35b7d83c8629ba8d0f718d9d293cf436,61544bf6d5b15f5dcec75603b22fcda8,delivered,6/23/2018 18:07,6/23/2018 18:35,6/25/2018 11:40,6/28/2018 18:22,7/25/2018 0:00
418764469a9e73f76f56783c1863bd05,b3c3c1b58dad3d55671825fe3715321c,delivered,7/3/2018 19:34,7/5/2018 16:40,7/6/2018 10:18,7/11/2018 15:08,7/30/2018 0:00
45ed6e85398a87c253db47c2d9f48216,8eab8f9b3c744b76b65f7a2c0c8f2d6c,delivered,6/8/2017 21:18,6/8/2017 21:30,6/9/2017 8:35,6/22/2017 17:44,7/10/2017 0:00
0bc4a984d79279c843421830f595273c,e93fa47188d998ecd355fdb87a5e62e3,delivered,10/17/2017 18:22,10/17/2017 18:35,10/18/2017 21:12,10/25/2017 17:07,11/3/2017 0:00
bb3b61a129aba9eeb10bb81a4770f3b1,e986427e3d822269e0b7e998d86cf267,delivered,9/8/2017 13:37,9/8/2017 13:50,9/8/2017 19:52,9/15/2017 22:36,10/2/2017 0:00
7876404b81dcee26d47be1c7131b16ec,e20b5cad78dd8fc3006244b5397d5a0f,delivered,7/17/2017 9:29,7/17/2017 9:43,7/17/2017 20:17,7/21/2017 17:15,8/14/2017 0:00
0ac645ddb846d1373321decb39c9956f,46d8521966b3f64cce626dfc6b655d1a,delivered,5/7/2018 20:57,5/7/2018 21:14,5/8/2018 14:12,5/11/2018 22:08,5/29/2018 0:00
711f6009f8bf028b3fa426696b581432,5613454932b2c4229250680708f8c0b8,delivered,8/1/2018 16:54,8/1/2018 17:24,8/6/2018 8:27,8/10/2018 16:57,8/23/2018 0:00
cf18c0b77059499a99818871229ab994,d21eee9c29efbbd504b464caab82b5f1,delivered,8/21/2018 10:19,8/21/2018 10:51,8/22/2018 13:30,8/28/2018 15:58,9/18/2018 0:00
6147a4d49752afd35a119d794e481588,938698ae953596e231326da5ff220f68,shipped,4/25/2017 13:35,4/25/2017 13:45,5/2/2017 15:29,,5/29/2017 0:00
d977821da81b766c90bcd3351f0dbf19,5295c0f1f2053aa636bc034c2a85ab44,delivered,5/4/2018 21:40,5/5/2018 21:35,5/8/2018 15:15,5/16/2018 19:08,5/24/2018 0:00
5c1f2bd7eff419c165428371164d750c,ac4e328e156057d602bb4d7b146d5468,delivered,3/8/2018 15:59,3/8/2018 16:31,3/13/2018 1:21,3/18/2018 18:26,3/20/2018 0:00
5a00ef28abf9645038a7d37c1639d2c2,60134a69479bd4d54c03fd5076bbe984,delivered,6/11/2018 13:00,6/11/2018 13:33,6/15/2018 16:40,6/25/2018 15:26,7/13/2018 0:00
5a0e5ad33542c79b10be87a344ee0086,917149651e472bef5b609eb58e742eb4,delivered,6/13/2017 11:13,6/15/2017 3:03,6/16/2017 15:37,6/19/2017 18:06,7/4/2017 0:00
0d25f1b15acb59ceff22667265743132,52dee0d644b6d10016569eae238ebc67,delivered,8/4/2017 21:44,8/4/2017 22:04,8/7/2017 22:23,8/17/2017 18:23,9/1/2017 0:00
f0a82a328fd64b2796242bbfddb7e1d4,500f22fc596ab5a23d2e5ce64ee64859,delivered,10/6/2017 18:22,10/6/2017 18:35,10/10/2017 20:05,10/30/2017 20:54,11/6/2017 0:00
bba5aa837be7e597e91c6ddedf604cd8,94e56a6d6f8b3e26ad64c605e67b48d2,delivered,5/19/2018 12:14,5/19/2018 12:31,5/21/2018 12:10,6/1/2018 19:41,6/12/2018 0:00
72144791fc7fd8048eafc90d7f82ba54,229c98245e2b6995b67be1e1921e62d1,delivered,8/5/2017 19:30,8/5/2017 20:05,8/8/2017 22:27,8/16/2017 17:04,8/29/2017 0:00
664c5e57eb8479a79caeb79fc79699ca,d1460df3c5915f60fcc35d265ac392ea,delivered,10/31/2017 9:59,10/31/2017 10:10,11/3/2017 18:07,11/13/2017 17:38,11/14/2017 0:00
f97a6e53615dfc1488e4bcf3dfe1cb2f,f3223fd3b2517fa73ebb06dd5f1b0e99,delivered,9/11/2017 9:40,9/12/2017 4:30,9/12/2017 19:21,9/19/2017 19:54,10/9/2017 0:00
faa911f9ff46e53aedc9408c5d6a24ad,77dccd21b005b20fc1f1418c979ca354,delivered,3/7/2018 16:42,3/7/2018 17:20,3/12/2018 23:22,3/18/2018 17:17,4/4/2018 0:00
72344ea1113e3227494c465a64ae58aa,99907dc980230daa7bc0c7e6fb0b08fc,delivered,1/13/2018 15:43,1/13/2018 15:51,1/15/2018 23:04,1/23/2018 16:32,2/8/2018 0:00
b3fb87dd5ffb58351fd40c4f9fe03cdf,156a795ddee88514dace920fe888c46e,delivered,6/19/2018 0:26,6/19/2018 0:54,6/19/2018 16:16,6/24/2018 17:41,7/11/2018 0:00
95e42e6aaf6264cd3e77c06b32dc3003,29ef1f160ce630146dafa02052e2c5bf,shipped,11/24/2017 9:23,11/24/2017 10:51,11/24/2017 19:07,,12/8/2017 0:00
690199d6a2c51ff57c6b392d7680cbfd,19bacb562bd43bd4eaf05b6c0a59dad0,delivered,3/16/2018 11:31,3/16/2018 11:49,3/19/2018 19:56,5/14/2018 12:28,4/11/2018 0:00
56ecd129e9283080044e40f77065b350,a57a381a12573edc7711887551fc961c,delivered,10/12/2017 23:11,10/14/2017 3:46,10/16/2017 21:07,10/26/2017 19:09,11/1/2017 0:00
3b881091c6fc2687191b01c705287c13,f31eb05ebdef1ede72cebeba759e7c92,delivered,8/6/2018 22:25,8/6/2018 22:45,8/8/2018 15:01,8/15/2018 20:38,8/27/2018 0:00
86f408a9212aebbcddb41c1e8c65ebe0,a81e8424b6bfd433cfef8d7bcb36b26d,delivered,6/16/2018 18:31,6/16/2018 18:57,6/19/2018 15:10,6/21/2018 17:48,6/29/2018 0:00
1cb6cfd9e6306cfe607017391834999a,05aa1cdcd7c5f9e297b3b5d89ae5e1df,delivered,4/29/2017 20:09,4/29/2017 20:22,5/11/2017 14:57,5/24/2017 12:59,6/27/2017 0:00
6c2953724cd30669e1b904e179a2346f,f5b92e56a780e1573737b5ad7d15ab19,delivered,2/17/2018 10:33,2/17/2018 10:49,2/20/2018 0:09,3/12/2018 12:53,3/22/2018 0:00
567653c46861b54519b6f4cdee500f0a,5471b1f70a167766bc7eb4ed0f4d1b8d,delivered,8/1/2018 17:57,8/1/2018 18:31,8/6/2018 15:02,8/10/2018 20:34,8/24/2018 0:00
7b58fca3faf09217a36d5febee5739a5,0966fbba1c0e8c5e26e31166c2fd3ce8,delivered,3/4/2018 22:59,3/4/2018 23:15,3/6/2018 16:49,4/12/2018 21:04,3/28/2018 0:00
f30607daae66843552e00843c6de88ef,8e1769459d9b9a9989799f6c79a4a663,delivered,2/21/2018 13:18,2/23/2018 2:31,3/5/2018 23:44,4/12/2018 11:36,3/27/2018 0:00
4207ad8e0e4e4070f271c930d25f72d7,2d2b1b42705b2f080c47fb2c46db46f6,delivered,10/9/2017 19:42,10/10/2017 23:09,10/13/2017 13:59,10/23/2017 19:23,10/31/2017 0:00
38b7efdf33dd5561f4f5d4f6e07b0414,021e84751ba0ead75b6d314a6ead88d9,invoiced,8/1/2017 18:17,8/1/2017 18:32,,,8/28/2017 0:00
4f7ce3efe568a5e57290a9fa3e45b1f5,2569d6c5ed547bf0feaf37e32677fdaa,delivered,1/26/2018 13:32,1/26/2018 13:52,1/29/2018 23:16,3/8/2018 11:15,2/21/2018 0:00
3440f090efa1949bc4e9ebd0b89b2b6c,2acac3dfe4fa0e75b07461873a67e7e6,delivered,1/27/2017 0:34,1/28/2017 4:34,1/30/2017 9:57,2/10/2017 18:43,3/9/2017 0:00
b34523b3a1e3a1ad856985080738c879,62d788fe5abe032aad2a3e5ce86b37c6,delivered,9/18/2017 1:02,9/18/2017 1:15,9/27/2017 19:08,10/3/2017 18:24,10/4/2017 0:00
550a019d25590b5b3b6d31c0fd3edbbb,1f7945736d0f303827055ca99168ad20,delivered,4/3/2017 23:09,4/3/2017 23:22,4/4/2017 14:37,4/11/2017 16:18,5/5/2017 0:00
0d09617395364c88c4ad7c457b439314,016c5c3fb572754f302fdac24aa9cfa4,delivered,6/4/2018 8:33,6/4/2018 9:11,6/5/2018 10:15,6/20/2018 18:52,7/11/2018 0:00
e5a7c745f93cb381d78042cdef65b05b,9438adb7579bb0133f0173f39f85ae01,delivered,9/14/2017 18:32,9/15/2017 2:25,9/15/2017 20:59,9/19/2017 14:42,10/2/2017 0:00
f112b9fc8967a675670bedf5a2bc6b2b,4913f37a6cb9e2ba061770efb2ea4e58,delivered,2/17/2017 17:37,2/17/2017 17:50,2/20/2017 10:27,3/10/2017 13:06,3/24/2017 0:00
580c882a5805c78546ea65ec6d3690e4,a4f6fc82eefc6a54376eea73b27df682,delivered,2/5/2018 17:40,2/5/2018 17:50,2/7/2018 22:38,3/6/2018 16:59,3/2/2018 0:00
8adafb3466daa5395694d3a906ff9d40,b7919647bde69acc948baa47823d6c75,delivered,1/25/2017 15:47,1/25/2017 16:02,2/7/2017 8:09,2/14/2017 14:03,3/23/2017 0:00
66cf92fc3ec94fbafc4edd77e0814818,5072cf2f4cbec30b8ba917d5d7b6b125,delivered,4/27/2017 14:17,4/27/2017 14:30,4/28/2017 14:06,5/9/2017 11:17,6/8/2017 0:00
e54613f3313c396f77d8280b9121ea2e,fdb50c069d85c482f1ecfde317595741,delivered,6/15/2018 21:45,6/15/2018 22:20,6/19/2018 14:46,7/2/2018 17:19,7/17/2018 0:00
eb270c4cbf3671961f3883e8b888571b,64e006a132d86c9189f9656a1cb41939,delivered,12/6/2017 9:53,12/7/2017 3:12,12/7/2017 17:21,12/22/2017 17:37,1/8/2018 0:00
a87f63f16c37c383775f476c6f22b635,fd673a07896aec385c5287234605f166,delivered,1/14/2017 15:42,1/14/2017 15:50,1/16/2017 9:38,1/30/2017 11:21,2/20/2017 0:00
dc05a07c0cc70e26e10e274313034ad3,d9abf57c9a7f1cd9865625d2cba96053,delivered,8/1/2018 16:37,8/1/2018 16:50,8/3/2018 12:01,8/11/2018 15:54,8/20/2018 0:00
ec3d63b91b19bedcbe453ea0df14dd50,379792aa619482a6545bd1db3905ab2b,delivered,5/20/2018 10:33,5/20/2018 10:58,5/22/2018 6:21,5/24/2018 0:35,6/4/2018 0:00
d4922affdd87d3e42657243354c7acd1,3a6586139c630a9648d74d1da4a11cd8,delivered,7/1/2018 21:12,7/1/2018 21:29,7/3/2018 10:15,7/6/2018 16:50,7/30/2018 0:00
6e09e14cbfbf46215f17805edfb79aae,90d2e6f72916e728253129378a36fdcc,delivered,5/21/2017 21:10,5/23/2017 4:05,5/24/2017 14:29,6/2/2017 18:03,6/14/2017 0:00
f847298c3beb552989d31c5f673da6fc,c2ea1149b67ac4b480ff15b3b31110ee,delivered,3/14/2018 11:22,3/14/2018 12:00,3/14/2018 23:42,4/2/2018 22:17,4/3/2018 0:00
b1b5b604a5e207c764779ffb50527018,40eb5b16b04bc62c59d4905857958e82,delivered,10/31/2017 21:47,11/2/2017 2:16,11/8/2017 19:35,11/14/2017 1:32,12/1/2017 0:00
c3fd670b03599718895218d479f660b6,8f437c018d57b705d06574998fc4f348,delivered,10/4/2017 17:56,10/4/2017 18:28,10/5/2017 20:24,10/18/2017 20:27,11/1/2017 0:00
a57a5bbb57b15b49050bc6a58a2f240e,d5ef6eb2e7cb3280ee294b63ecc10fbb,delivered,1/17/2018 9:55,1/17/2018 10:10,1/18/2018 22:17,1/23/2018 21:45,2/1/2018 0:00
267e5fff0e80197e6553c5596ed81dbd,e8f72a39e55da80935caccd9abb4d831,delivered,7/20/2018 11:46,7/20/2018 12:03,7/23/2018 8:58,7/26/2018 0:26,7/30/2018 0:00
5a630e3d4aeb6fca86404481eb19cfe7,6928be51d9496f1aab5da8f15a21aba6,delivered,12/14/2017 9:06,12/14/2017 10:14,12/18/2017 22:29,12/27/2017 17:42,1/9/2018 0:00
dcb4a1d21593a108db61f12a4b3d61db,2ed973ea37080a94b7beaef7458b2e15,delivered,6/19/2018 13:22,6/19/2018 13:57,6/20/2018 14:15,6/25/2018 13:11,7/19/2018 0:00
3b14820d642ea72e95df3289b6539c1c,4248fddd68e3375c24e743290ce2d9fa,delivered,4/2/2018 13:01,4/2/2018 13:10,4/4/2018 23:42,4/12/2018 17:12,4/23/2018 0:00
32e4fa9bb468884309b58b9348de70c3,e54367d4b00c5cb76d2dfe71b9bdb89c,delivered,7/4/2018 16:49,7/5/2018 16:33,7/5/2018 14:50,7/7/2018 14:41,7/23/2018 0:00
813f8916cd12b887b0fa271f3263a4d3,bf22881f1f23a79916784ac5b4319c56,delivered,4/13/2017 17:26,4/13/2017 17:42,4/18/2017 14:51,5/9/2017 12:49,5/10/2017 0:00
4df92d82d79c3b52c7138679fa9b07fc,ba0660bf3fffe505ee892e153a2fbd49,delivered,7/24/2018 11:32,7/29/2018 23:30,7/26/2018 14:46,7/27/2018 18:55,8/6/2018 0:00
27f9fff9f14236589804b62bce39f526,f3318c51c9a6779c89f2567475b4a6b9,delivered,7/5/2017 11:55,7/5/2017 17:42,7/6/2017 13:55,7/17/2017 19:02,7/31/2017 0:00
142ac5357e541e5881d26fc5eb5f3754,660c817af06c2d842014a12d5871c1f9,delivered,4/30/2018 20:24,5/1/2018 3:15,5/3/2018 12:27,5/9/2018 19:50,5/15/2018 0:00
f833a0260cb98fa615a517d4e4a8cdf3,6b74fa3521fe75edbeff9948022f13d1,delivered,5/3/2017 14:31,5/3/2017 14:42,5/4/2017 13:08,5/10/2017 11:34,6/5/2017 0:00
9d48a2dfef2e0cb6155f816b9bf8489c,c4e12dfa6412f54cb99c38787dca987f,delivered,5/25/2018 22:10,5/25/2018 22:32,5/28/2018 15:02,6/1/2018 14:46,6/19/2018 0:00
9dc8d1a6f16f1b89874c29c9d8d30447,d9442164acf4b03109425633efaa0cfc,delivered,10/12/2017 13:33,10/12/2017 13:49,10/17/2017 15:42,10/24/2017 20:17,11/6/2017 0:00
d83706c29baf36eedf5e8adfb0da304e,26545a1a15e77138e98380c49a76053a,delivered,3/13/2017 11:36,3/13/2017 11:36,3/17/2017 15:12,3/27/2017 14:12,4/12/2017 0:00
9472d3c8a0ad463cbfc89897334431da,7e016f9ea275279784f42e0642214284,delivered,11/20/2017 16:21,11/21/2017 9:50,11/22/2017 19:48,12/21/2017 14:22,12/12/2017 0:00
e811880120e802367a37c73fdbc0a7a2,6441d665c5a1058502eb8ad0a2e2282b,delivered,11/26/2017 15:47,11/26/2017 15:56,11/28/2017 21:09,12/14/2017 0:37,1/2/2018 0:00
d4ab8a264235be36f72a07621046d082,7a5846ef7b6f7d58630bb4b0aafe2858,delivered,6/1/2018 15:34,6/1/2018 15:52,6/5/2018 5:40,6/12/2018 16:32,7/12/2018 0:00
b417d44c131fe6470b3226c7b59f6a8f,82f6d48ad3a75669934efe3988ce9b25,delivered,12/23/2017 15:50,12/23/2017 15:58,12/26/2017 13:33,12/30/2017 1:39,1/23/2018 0:00
f049e19134a95d09c806851a5ea1872e,cb1b31ec399f6183dee790a4c349e712,delivered,12/1/2017 7:15,12/1/2017 11:32,12/6/2017 23:17,12/14/2017 15:08,12/26/2017 0:00
e5d48f5d3719ee190629a850e362dc57,1670832aa0263adfa1337adf89530561,delivered,12/3/2017 20:22,12/3/2017 20:31,12/4/2017 21:43,12/11/2017 22:47,12/20/2017 0:00
407408433ee2a9ed77984aa5a06e2b2e,9f4c898706bf2b467ace0539e0319fcc,delivered,10/4/2017 11:31,10/4/2017 11:49,10/4/2017 17:48,10/9/2017 23:02,10/31/2017 0:00
a0411a1811cf1c3c1312372cb0495c6f,d156b6d121b154d0eae17d8993d4dd40,delivered,8/21/2018 20:36,8/21/2018 20:50,8/23/2018 11:39,8/27/2018 23:05,8/31/2018 0:00
0fc34e566d3273325c404c113f4a8b2a,ae9cc596d22235c547acce001f90fc33,delivered,11/2/2017 14:51,11/2/2017 15:10,11/6/2017 20:28,12/1/2017 18:06,11/27/2017 0:00
50c71607b83f5edc9a65e7c7d9910b1a,d3a7f01174c7a3d2905734b89cacedad,delivered,6/23/2017 11:23,6/23/2017 11:35,6/26/2017 8:03,6/30/2017 15:27,7/17/2017 0:00
