order_id,payment_type,payment_installments,payment_value
b81ef226f3fe1789b1e8b2acac839d17,credit_card,8,99.33
a9810da82917af2d9aefd1278f1dcfa0,credit_card,1,24.39
25e8ea4e93396b6fa0d3dd708e76c1bd,credit_card,1,65.71
ba78997921bbcdc1373bb41e913ab953,credit_card,8,107.78
42fdf880ba16b47b59251dd489d4441a,credit_card,2,128.45
298fcdf1f73eb413e4d26d01b25bc1cd,credit_card,2,96.12
771ee386b001f06208a7419e4fc1bbd7,credit_card,1,81.16
3d7239c394a212faae122962df514ac7,credit_card,3,51.84
1f78449c87a54faf9e96e88ba1491fa9,credit_card,6,341.09
0573b5e23cbd798006520e1d5b4c6714,UPI,1,51.95
d88e0d5fa41661ce03cf6cf336527646,credit_card,8,188.73
2480f727e869fdeb397244a21b721b67,credit_card,1,141.9
616105c9352a9668c38303ad44e056cd,credit_card,1,75.78
cf95215a722f3ebf29e6bbab87a29e61,credit_card,5,102.66
769214176682788a92801d8907fa1b40,credit_card,4,105.28
12e5cfe0e4716b59afb0e0f4a3bd6570,credit_card,10,157.45
61059985a6fc0ad64e95d9944caacdad,credit_card,1,132.04
79da3f5fe31ad1e454f06f95dc032ad5,credit_card,1,98.94
8ac09207f415d55acff302df7d6a895c,credit_card,4,244.15
b2349a3f20dfbeef62e7b31baa22f84b,credit_card,3,136.71
5a1f6d22f7dfb061ef29216b9af687a1,credit_card,4,47.69
4214cda550ece8ee66441f459dc33a8c,credit_card,2,170.57
adfbf6c2a620196f9a3ec747491c72b7,credit_card,4,67.5
4d680edbaa7d3d9bed69532957368a03,credit_card,10,353.09
8cd68144cdb62dc0d60848cf8616d2a4,UPI,1,330.66
5cfd514482e22bc992e7693f0e3e8df7,voucher,1,45.17
d0a945f85ba1074b60aac97ade7e240e,credit_card,2,541
c39414c195d0f94c9d9c35e7c6ed4f1a,credit_card,2,139.22
5d9c5817e278892b7498d90bfa28ade8,credit_card,2,290.16
b69b9260e79a0da00e15f48de1bd2524,UPI,1,283.34
f45074ae38f2e01d9b854ec8d40362ff,credit_card,1,13.78
81cedc4d2132eb6f512354166e51b187,credit_card,1,30.28
595f598849d89203c28d05d0fbf3f92e,credit_card,1,26.58
f9d0ec2fa088ac583e1ccd15b6686073,credit_card,1,89.68
e647bf617de735448a4ba54f8910393c,credit_card,1,65.09
b2bb080b6bc860118a246fd9b6fad6da,credit_card,1,173.84
23f10f509600c30cf2852f9dbdf28fc3,credit_card,1,103.49
f86f6472fa9f395d8d9a6751ca118afb,credit_card,1,64.03
1dcf0c8cd36ffaf57784fbdc90079310,credit_card,3,157.15
00d8d65b666158b633f96054d31af43b,UPI,1,130.88
cf30fe76d1505192acee1c6dccb15545,credit_card,2,47.72
d3e774a185c0b1b2286ffd6c70abe2e6,credit_card,8,117.74
32b1d8f3789a57f1f752e20ac7404b4c,UPI,1,56.6
c10d412026c4077b8e83acf0fea04eee,credit_card,1,266.16
56c3277583e16009c925fdf116df420f,UPI,1,31.38
0e0441786430b7cfcd0d91f822ea4c99,credit_card,1,121.49
6ffb3f1686bceae3466facf7e02ce3fb,credit_card,1,32
afef48d3c8a0b1b7c9b7f8f922fb5674,credit_card,5,153.41
c0db7d31ace61fc360a3eaa34dd3457c,credit_card,5,65.71
d574338f566ca28dd67820f48ec1f1d8,credit_card,4,278.22
1807cc736321f14baa58ef39cf6e5989,credit_card,4,91.66
e8977f709bbb0367f51b589e6325f991,credit_card,1,132.51
2e2c60b99754ae1e4d8b18846cfec9f2,credit_card,4,542.66
1ffb3c1929b16d9c1aec1958e11b3e9b,UPI,1,166.04
95442deb81a5d91c97c0df96b431634a,UPI,1,368.98
10af96a0689260134307879127ac1952,credit_card,2,113.2
85eef2d342b0de363c45c1bc324729c5,credit_card,3,99.43
aa964845f1de8125410aea8b73e9e1ec,credit_card,2,27.35
343348b1e29e9fa9e7b6ab1027f9177d,credit_card,4,43.77
ad4098a257676ea4d394fb3bbbf36ca3,credit_card,2,68.49
3e0c3cab458e8b3cc8d1d38ecb7e7775,credit_card,2,105.53
3ab4eea6776259ae8dfbabaeffece352,credit_card,8,387.8
10d9871bed9fb8d0887d3b9022edd1ff,UPI,1,84.14
c108072ab31ec90a754129c171577f5f,credit_card,4,210.82
fc662bafa52d2ef16078f6f6141009d6,UPI,1,90.05
4217849b1ff18a9270fe048eabc4dc45,credit_card,1,67.88
795c16acb4e3c30dfa5b6827727ef488,credit_card,2,37.58
55e2d723733c45033e71cb4d44690234,UPI,1,89.63
947e9c6bfd83a06953c420ef92d3da6e,voucher,1,69.46
60e43c5f5ba559d9dd19357ed72cb2f2,credit_card,2,78.3
e3e9e3295f4e1512167c232a0aaae8a5,voucher,1,50.8
460d57443ffdcaeba240360239747cf7,credit_card,1,34
4cb51127f19f7254b320efe1718477dd,UPI,1,77.1
110d9355d6338eab0a65a0cacdde5434,credit_card,5,566.4
42f5954cda381bd032934ee38c453711,credit_card,8,402.42
3689194c14ad4e2e7361ebd1df0e77b0,voucher,1,57.53
97c111c4f22dfa1089a9c0b5338dcc79,credit_card,3,44.01
4b2d035932915aa9c2a0d4d84cd6d3b0,credit_card,3,187.51
e1b4ee0e390fbac1dec439d72b45a115,credit_card,3,77.7
fee72a68ce935ebf2939fe72f27d3d9b,credit_card,1,48.68
4d3bfdf4c7d6578ea445d588371ae10e,credit_card,1,77.29
4c2e1a95586c815795a324d1599e7b5a,credit_card,8,117.71
c9f23db8a1cb725df9bdb3383bd72b38,credit_card,3,169.34
8e47a04b25d7a7075064e8e0bd2e0318,credit_card,1,37.61
723e462ce1ee50e024887c0b403130f3,credit_card,1,13.8
fa2ea4b6e84c1c0fc4f3a6d468c55183,debit_card,1,227.12
fb1a2a1296f822405a946cbdfc0d3ed6,credit_card,3,34.78
198298d54f269d8c5fe89e85a859af61,credit_card,10,342.56
b19ca559688b49e8cf7f88c1aa3f0009,credit_card,7,73.34
5be8d4719fe2e3669e2d07dddf3b6b0c,credit_card,4,117.85
4a02e985c7239d866a632f07ed20d9c0,credit_card,1,48.62
3e17eef8a8bd0131c7aed90d7508799e,credit_card,1,53.99
f8d323a2702fed37f0229965f7e9f8b3,credit_card,1,51.14
de4090fd9b7900d46323b0c7c36b7128,credit_card,2,121.45
17e5131fe1d4b1a8dc14d4a66914f9d7,credit_card,1,73.34
20f136d890c31a62486c809f91a5b098,credit_card,10,117.68
557cc2675910c4a6c9b54ad276f25097,credit_card,1,56.77
d60a89ab9bc1e68834465ae630c3343e,credit_card,2,115.59
3ba2d0012b1f34bc6ccbc31c4ba69f93,credit_card,6,60.07
d46f45b0d795bcf47a19d301710e63fe,credit_card,1,27.27
96de2b7f7f3c401fbee3eef068376da6,UPI,1,32.15
f9d5bfb53147f381e81b89a848e26b16,credit_card,3,195.71
21b8b46679ea6482cbf911d960490048,voucher,1,43.12
e6670c9089973cc68e5b90b7d1f4fec4,credit_card,1,88.49
85a4fbdba48c815924115fb82330071c,credit_card,3,34.09
35525be13c4af8acae0bb6d13c27110d,credit_card,1,40.99
46ee6eaca194413758f200a6974b7e4d,credit_card,3,71.99
f49cd89d6dad6dd5759ecf15dfe4bb19,UPI,1,47
9acd1ccfbc6445c0cad9ee9ddb48054c,credit_card,3,81.78
83f24bbc4f76a2730ba9c9cfa32e6d07,credit_card,3,231.45
0b65284a1a74114ea029b7676fdc1ba3,credit_card,7,144.2
cf61ad2218e5c14397e7c0ba7a6a50f9,debit_card,1,35.14
243312dbb316253ab77bb0140d94803c,credit_card,10,285.79
8973a53fcad22a79e0ff315e7f9a0fd9,credit_card,2,176.7
f090de1b2ed9f4e251662cb31e3c7127,credit_card,2,27.63
2ccde1e4676c20b9444e2bcbed36334c,credit_card,8,134.56
0f4b5614da144989e2acc5291af24357,credit_card,4,96.98
1d92d2ce1ae2e0510b5ce50c5be578c6,credit_card,2,110.03
a490a5d59a9bf4ef3334bfd7cf1dbdfc,credit_card,1,17.78
60ead11db6b36221fe1424e330883a9a,credit_card,1,44
c51dcdd98e1c413f3d394ffcb4656ed1,credit_card,4,110.11
ea9184ad433a404df1d72fa0a8764232,voucher,1,22.49
8f936fb77c720ab9ccd618af38c885cc,credit_card,4,46.63
0fba53cb4e9429e38cd2750c32fa24a5,UPI,1,52.21
cdaa116d3c2521b4b6976043508d0943,credit_card,2,61.77
68d7420c86be23f313c81a554320f986,UPI,1,121.88
a5f860aaf6a3c35399495aefe92d363f,credit_card,1,75.75
f51e3c7f79d1e2c076acbb6af1588b95,credit_card,1,130.22
9184724aacd6a7da5bcf4c08c2c674a8,credit_card,3,57.53
8bdc559b124e47eb71b5d1be8d6675e4,credit_card,7,76.02
49d3db2a02106c24d6ef800bd8ad5546,UPI,1,90.17
c604ad5f1e0d0bcf9977cf46d1d72303,credit_card,1,31
859980aae511377b7230f72d90bfc580,credit_card,10,106.77
e2cd740333fe4585ead5c50c61edb6a5,voucher,1,163.25
55779fa8fe072d9f8c92d672154558f2,UPI,1,233.66
99bc267f49d76932cd195bfb2a94dd03,credit_card,1,163.08
0c99132c4ff916416ba8f74c378f1cbc,credit_card,4,135.93
66a4fa2d40fed98c34ced62496fdb1e7,credit_card,1,267.05
db43c1a570e28fe9da60a444e3616a2b,credit_card,7,186.72
82ffe097d8ddbf319a523b9bbe7725d5,voucher,1,30
f75666bf6c9e09f6b3f4bcd797b57a3c,credit_card,4,97.28
5e5d1342989d05440629e2162fa52d07,credit_card,1,48.61
14d9794bbb53614d12cc2df6a045f82b,UPI,1,116.7
a8c012ba7d95bd2d15f666681f19c146,credit_card,1,41.42
31f8013402a0749b3ab433b1aee11754,UPI,1,42.19
4f99d1a7b0d2308edf45baa6997ac961,credit_card,6,125.53
ca8f94a99a8120c559e416275a535066,credit_card,5,92.76
9bdcb4559b75d21a22fcd868d9e5dfec,credit_card,8,348.02
96cc8c42014ddb42a775da9a45ae3f76,credit_card,2,203.3
87f003dca70d4d22518366caf041e845,credit_card,3,44.35
f244841f5a461472de8de82f023b1371,credit_card,10,116.05
3597f6476c27b4e1cc2f58588116f8f5,UPI,1,85.14
242e24b7eaa9f48cde9d679f8591124d,credit_card,4,236.66
18259631aab7299bf25f83f5eac4c8d1,credit_card,4,220.3
14c0c0bebe2cd50fb1dbdee84fbae03a,credit_card,1,180.55
3b697a20d9e427646d92567910af6d57,UPI,1,45.46
55c0b6b41ce482c3f77407ef43fc6bad,UPI,1,26.08
53035288acc866ee15423b4293722b46,credit_card,1,375.74
845af9472cc76e66fbf445931b511755,credit_card,5,123.41
953b6636ab2347a8ba37a16770db47f9,credit_card,10,379.07
886b114d034f4ac1d39d964c1b2a8182,credit_card,10,2027.16
c61e3efc183db6b89f5556efb5aa8797,credit_card,1,45.5
2d1d5777f29a8ee6593cf90b85afb5b6,credit_card,1,91.17
aa600269bffea363cca75ad2d1908903,UPI,1,93.26
487c1451b8fd7347d0e80e5aca887e91,voucher,1,30
0a9716da94d89975e6637874280aadad,credit_card,10,165.96
65c863d90026e9dd4888e28d2135c983,voucher,1,50
62d9b911d7c56cf455f660eecb8ddd3a,credit_card,10,1002.73
279cc62fe9c5a9e6a7ad5a7536560944,UPI,1,116.56
e6ed38386107802a72ec8197195f79a7,credit_card,2,240.52
4a4ed9ed7922304a569ed850baba99c6,credit_card,3,33.13
3f5a1c29c5881cc9902ed702efbdde45,credit_card,1,213.9
1594012ccc1b0770373ce691d697e5ae,credit_card,8,362.17
2fe14af1d4563c0e76f382bc63c9a245,credit_card,2,88.72
bc3d816db1aa7215dbde5b1b00d3d32b,credit_card,2,46.85
67c8c2016ddabf0059783eb44e921f99,UPI,1,68.54
07d13d352c85dfbfa60dc56dea818335,UPI,1,32.62
b545ba7b0bd67a3128185c7214704319,credit_card,8,340.08
9d8065ae4c6f5725ee052d02ab00f64e,UPI,1,82.06
d9d104af1ea99e0b7f6b0644eedc74d0,credit_card,1,40.95
9e59025992bd64bc26551391ed44a450,credit_card,3,67.01
591083bc42b589c7052118aa83118e76,voucher,1,20
79b63d1f9cf0257b33b04fbfb0847cba,voucher,1,76.9
7327c30a5230ce07bc2c7a695d553a00,credit_card,4,40.27
3b9e43d6eba694f8a29c11ee67a04f2c,credit_card,8,242.1
1e6d912e4c63965bb9eccf0cc765fc24,UPI,1,207.24
57e4fc8f20507381b3f7abbe4e2ccda3,credit_card,2,215.56
d4fdb2be174c84a6409a3968c55b01c5,credit_card,1,39.92
e1b6234c322ab01a32771bf57c597043,credit_card,8,156.09
03afb3c10af52ddfa3c33b9881bf43f8,credit_card,2,131.5
c1b770015e27aaf2b475026989d04fe0,UPI,1,137.73
1a9b986cfe31ed59c5a6c00287db7e74,credit_card,1,31.75
66f249e4d7ab2f3872de7bd6d74719dd,credit_card,8,348.77
c79bdf061e22288609201ec60deb42fb,credit_card,1,12.22
648b4f683ccf074ebe65a73c8096dd18,credit_card,4,139.87
02951078a21a2d9341ea16089a4d5031,credit_card,12,257.1
afd0dbbab8e90d099aaccdd8ed7d5f26,credit_card,3,269.46
2ad6c6594bf0917a25ff8b8918d4b7b0,credit_card,1,40
774359a2a8b6be829653bae9390a0dd0,credit_card,10,350.09
332c6742772f2df936696b6512b10edb,credit_card,6,134.55
c385c0eba07c858dd60ffe00a60dda64,credit_card,3,112.73
d087b8e096ca051f548e29b324272834,UPI,1,72.05
5262eaeb971616ffef822379ed91896f,credit_card,1,0.67
52636dd3c039f62169b0eb724af63047,credit_card,2,77.77
aa7c35fd606f4275e267e859c6a84d0f,credit_card,2,26.68
caca64f71d73695719939294fa88c791,credit_card,1,371.42
fd1ddfeca967b94315642dfe5c7545f7,credit_card,6,225.71
fa12564d7462c9a851c79c301bcb97de,credit_card,3,103.79
9c96fac210f67f329b80d898001fee09,UPI,1,65
85e710051891004eca4f527adcadd0c3,voucher,1,69.8
11978d520d85578c9f024b99ac1a87ef,voucher,1,20.09
9062b998bfc2521b3978b34034ba6e1e,credit_card,1,125.41
31be75ffd0c4b58ca777e72cd2352b14,UPI,1,95.99
999d0185fdc3859e118a76c1e7d8dfe4,credit_card,2,25.33
6cdb86865449a92089579ea715e1c1d1,credit_card,1,52.57
50bf77081d0fdd2e57dcff0acf8fefeb,credit_card,2,145.58
d121cbcb7091fbd55ad0344e0f045982,credit_card,3,49.7
37fc44460574b368fe7933c6ae98f224,credit_card,1,47.43
3fff175860497ca456d60c90b1f2b797,credit_card,2,168.57
ae1126b6891f58552443772c80b1f562,credit_card,1,133.81
d56564f21e612a588607e9ffb39b9d21,voucher,1,1.23
068176c8a0550b07cddf7e05c8d55319,UPI,1,123.82
9488305b52042a978d3bf78cf94bcd54,credit_card,3,283.66
7a1ba14765ea354929894e667c06f386,credit_card,1,89.88
4b5648d8399ea47a4c323499045aaefc,UPI,1,32.38
52b5d339bbba7bd8f18ca836ab540227,credit_card,1,43.08
3a1a92434eae60a4f44ad7ebef65c3e7,credit_card,1,254.58
dc400373e624e9b0435847a79813c658,voucher,1,48.91
9f1cdc0e091b90e61836ddc009a60ef2,credit_card,4,48.22
d9952ada4955694cae66806b7d5ac6ca,credit_card,6,67.58
251d586514cbf0cace61e03c54a7bf1c,credit_card,10,311.18
0435b65bfd0a1cd1c48a82f5b405ea78,credit_card,4,154.14
6644170ea0130942cfb3064dce01004a,credit_card,2,333.68
7c3e71109e904d8e0c8d034456f87eca,UPI,1,404.88
881206af1a6a9cd34119b99782759dd4,UPI,1,44.77
f86d7bc39aab05299691322044b63bb2,voucher,1,1302.42
5f082a502d1fd6f19d32897c2c2cbcec,credit_card,10,645.8
27a7ac440630f9de788e4d66e72c6424,credit_card,1,186.39
cc1cc1d6081f7f07a16cc1a3e4ba0b78,credit_card,10,208.41
76b8568803f110a59ece4167463a4a7e,debit_card,1,76.39
51e88bc351dd268bb9c9e78d263c4a06,credit_card,2,67.42
a5b431090739891ac76875d9ad9bff23,credit_card,4,232.05
ad62ce74c314772d34c956d73fb305f3,UPI,1,69.33
a669137c06cc23b7962d63be3a2ad6d1,credit_card,3,641.2
da46439d7d06cf02cb44d0908ecc3575,UPI,1,41.86
d24e8541128cea179a11a65176e0a96f,voucher,1,50
1c67e99dc37224bf3ad220ae2368c068,credit_card,1,106.96
4ff8e28200e5a7a50b448cfaaf1f8ed3,credit_card,10,2288.31
33ebbe6b176d53190194b5b05cf69330,UPI,1,69.9
2176f1406c11f07dcdea94931730770d,UPI,1,88.08
08935d5052c6414b1960eb67796d01f5,credit_card,4,117.39
f553b61e2a7f6dc62c5f8de4ffb4a031,debit_card,1,194.91
1966886b80f14d0588adf6406afb0026,debit_card,1,68.89
f6ed483455295c6e7544f141244cd981,credit_card,2,151.51
bf951e41c5adb873b7fdcc1e83b406bf,credit_card,1,54.85
32d8aa395f9c9f357e1e3f7b214b9082,credit_card,1,103.68
b798fc527c548bfa5f069b5b29195275,debit_card,1,225.63
6c936253ed9ab81f5293da5081ba8a9a,UPI,1,39.6
dcec2b3be8c3d53056fe63381b2a6cfe,credit_card,10,159.18
90eaac01afdf4e531a70ad869e092c75,credit_card,1,234.43
a04639b53f2cbd1f77b63ed44168566e,UPI,1,44.83
97e8d3eb8f48e3610beed991e5f32296,credit_card,4,205.44
7cb79316d2abe37e16ec83a07afb2895,credit_card,1,13.55
7250e10eca3d7f71a091ac5752d3228f,credit_card,1,221.96
cf8ace9395d2ee06b4b513df8ba682b3,credit_card,1,52.38
101fa9bbc869f267953a48b0f659dc62,credit_card,9,131.47
24abd231b3f48073eb9bc660b3eea5fd,credit_card,2,38.06
bedff73fa5a137527ba9314cac93b7b3,voucher,1,35
808c4b75909ba91f23c1ef928f396822,credit_card,3,143.65
c1310d06e793969c9dfc72a433db577f,credit_card,3,86.73
9144181fd06902570ce9c34860652f55,credit_card,5,118.35
d189b98b9c4f5325db664c5455fe927c,credit_card,1,341.58
2e2dd1119ebf597a9c05d80b5d6eeace,credit_card,2,105.42
7354aed5e2d142803a8121059f1e9324,credit_card,4,68.16
ab85e3c92c828eb802fd91345e45d92e,credit_card,10,357.97
b80ba0f0c3d2a63feac0116f533cc6a9,voucher,1,2.99
f0d8a84693b073fa90c69667c924ff8f,UPI,1,92.57
35bf7f86bc7add201e5b6573052157f0,credit_card,2,68.35
56ba89857b4e6eb192108f310a81163b,credit_card,13,197.23
0f67e615d797da223ac5601b9b08b180,credit_card,3,153.67
440a666da55232dbd02bb270c7ac7d8c,credit_card,3,46.43
57bfb7a49bcdecb20d9dbb778d7d7590,credit_card,4,102.03
f6eb6190398bfb32871584bd111dec04,credit_card,5,119.45
6b58f3523e45f9838f702acbc21e2f51,credit_card,1,44.23
210a5f61a6a19892f81bb269863f4742,credit_card,1,67.5
009ac365164f8e06f59d18a08045f6c4,voucher,1,8.75
f1b7c83171b22e2babd61eb8501d58d5,credit_card,2,44.27
bb2d7e3141540afc268df7ef6580fc75,credit_card,1,37.15
1f31fc163d36ff823c54a14e947b5bc8,credit_card,2,114.13
d4c46523b1239f182b74fb0ea1c27f32,credit_card,1,396.97
88857d91dc3370190060f4b06041e708,credit_card,10,185.85
73596e67516934a7fe64cc6ca6d75545,credit_card,3,62.11
e9da0d015d8dbc78a000c0b78cc87728,credit_card,2,25.23
e6f98f32bf5e724269a5e9cb2529f2e3,credit_card,5,153.22
acd76a8508680cbb5d4c04707be03f87,debit_card,1,145.01
aeb81ccabe4f164a26e763cd5b07fd99,UPI,1,70.89
d51cbac21a49941976292ba004bf4165,credit_card,6,114.34
edb14cad806f8ea19a08ed06c26726a2,credit_card,2,31.38
6225c94031a1e372349fa17f1891317d,credit_card,5,256.5
c8e19a0edcf6fd34024a2f7fe5f85ef8,UPI,1,341.4
984c8458b4e17a487d85b16c9ce0f00c,credit_card,1,143.99
29aefbcf33949b65e5303167977e0362,voucher,1,84.88
ec5cf2317f5141a62836da8e71586eb6,credit_card,8,232.27
3ba1ccc3882bd7df61ee5030f44ec1d2,credit_card,5,194
5b2f1ff03b77977af4258e7cfc2ec799,credit_card,1,260.57
490f30e8fa50cb3ef01058c9ab43048d,credit_card,1,49.59
191a21c0a0934fdb7dcd56c6b28a8682,credit_card,3,196.55
a23c7a7d06f1f8e9f6e45f934c7e106b,UPI,1,245.94
621b8e90f6fd06a792af8bdbbaf64a92,voucher,1,72.42
e4fe84926e03b0030e643318464be6a7,credit_card,2,217.15
4801b9cf238c2c9098bd66a5f092c2da,credit_card,4,152.28
37c755c6df4b61c5b4cc40361ae57588,credit_card,3,72.34
d232a4685c8ddfc98307d91978aebfa5,credit_card,5,128.95
2d5b43766328f55157cae1e85e1dd475,credit_card,1,56.85
07a26b88cc90e93f5c9401de11a60793,credit_card,1,20.29
ce7cf6dd8f80dfb98716950ae40eca59,UPI,1,171.75
bf5099786cc9dcd17a4961c9406fb3f3,credit_card,1,85.82
4cc95216e51190048472a2baf6fa53ee,UPI,1,56.05
1c859fbb6e7f238f3f6134628b845f3a,UPI,1,26.09
5eca2113141f2c0e048b11bdcb7a0371,credit_card,1,41.17
ada812c7806382c3085a5f5024bc17ca,UPI,1,37.25
ad2e046d1a59ee49ddf9ae258360b81b,credit_card,5,135.13
9027f38fa8afb91a7ad77fd92abf97a1,credit_card,5,477.45
cd82b3b68f4843cceb338d860b8aa006,credit_card,2,440.12
6c721c8ce1b433e68655575af4955976,credit_card,1,67.7
e199c3b74cd391568e7c99aa28b0f274,UPI,1,168.51
94a71bedec852e752e86d530d03d6061,UPI,1,31.86
64d6282bba1a1c015acbdcacca391253,UPI,1,40.87
49f62326ab0dc444db19abf56861df10,credit_card,10,109.59
0e2b7e9ea88624cc24fe978983190dea,credit_card,3,206.87
cfae1e992eeb0f51ba0de3ddb87b33da,credit_card,1,134.38
99396be04e138247e9fc0528a62e0919,credit_card,1,56.06
c776863a93dc0740c6e7d78104b21413,credit_card,3,264.08
ff2debba53c9c8185f517f7b3a936aed,credit_card,10,240.77
7cf01fbc143d74367eedc9b9f8fbf437,credit_card,2,91.72
c8ea1ac95f4f994f94fb57e99dcca985,credit_card,4,49.01
c24a00c414738de9ee6121f179ebba9c,UPI,1,107.87
cee90a4ed9adb7e720e6007bcc43e4e3,credit_card,3,62.01
ddc5ef5f86c69f1a29ff3e05e3fc54ab,credit_card,1,36.69
dd691e4f12c592067339680ffc3dd443,credit_card,3,35
a144da15ca9cb1ebccf012a14736c54d,credit_card,8,256.37
ce70855bb79f7086da0e4974f7324ac1,credit_card,1,47.84
8f4be74e60d163c72a59ba577a642d70,credit_card,5,125.87
f26bbe1ba1d50321617831285d0fe62c,credit_card,1,42.39
7246a71d326111872bfdfd34f495dc4f,credit_card,5,117.53
e65f1eeee1f52024ad1dcd03447f7482,credit_card,1,43.28
d2ebd7492d92dfb6a5737ba33a58f920,credit_card,4,144.54
8e6df87600aae0285919b5529f7f0bfd,UPI,1,126.48
b45255a6696ebb8f53915a109a16458a,credit_card,4,125.29
bfc9f97fc7ddacf8a3c33c4b2bd15a93,credit_card,2,229.74
9d4fe519c77c087d5a1bd73637c5c6bf,credit_card,1,124.6
fb6343faebbbee8c21d59d4ae59477a8,UPI,1,143.86
2df8ef770ee7c12291ed7811f4f414c5,voucher,1,56.89
75450feecb51c39e54f4bd4c74b867e5,UPI,1,46.78
d3f44296d90a42d3ec4b52b18654e87a,voucher,1,3.98
87b8f9f472fb04cdbf53fb55a3591b5f,credit_card,3,72.66
9a8743fed3cc7a477eb92cb0ca0e7d26,UPI,1,50.1
d0e9849de800fdb4cb3b5e6d42c6b367,UPI,1,85.79
838411338443a817cfb4c26f0f7a9c9a,UPI,1,63.7
ce6d150fb29ada17d2082f4847107665,credit_card,10,1586.47
bedae8df4e37a65ccbec319872296b89,credit_card,3,433.07
16b6123f7077419424bf89af74e2d054,credit_card,10,642.02
e147052b9ecc00bf938f9e8581944207,credit_card,4,263.95
18dc026cdb7d39abde1489c336528961,UPI,1,134.99
06ff6cb289c9f1d1ccacc6764874e3c2,credit_card,1,57.89
4436eb8a73f08dc5c4ba8b1e5b96d290,credit_card,1,383.99
dbdcb70ae949e4cce08f59bfa7e4604b,UPI,1,159.31
fff7c4452f050315db1b3f24d9df5fcd,credit_card,1,756.91
ed90ba41c41da31da8e891ff43a584d1,credit_card,7,156.22
0bdb173bda4bf7e4109fe707c309252a,credit_card,10,132.95
5b7c6dbea3e21dc6314451ed73907c0c,UPI,1,48.27
47d051e89cf6490245136694a26a4395,credit_card,5,107.35
0cd19e832fefb17664d1a294b90ad192,credit_card,10,110.2
9786fe4bfc559809a4bc1a58b72e2077,credit_card,8,368.92
0fe5bc7345e72628330234915ed373bd,UPI,1,106.85
817e8b5495d2b31da82dfe5a89aacdba,credit_card,8,281.5
22543080a0066963931832c0df11b2be,credit_card,2,54.25
8ff5ec04a3f395979b2371a0a9ef4136,credit_card,5,121.78
257699bfe87de4eac234324e88db828a,credit_card,2,102.26
386a7bf9de133efa1516c4145330f3a6,UPI,1,90.62
a72d1276fd9d74c154120c3a11eba771,UPI,1,75.69
e74c5411558a7a26de918d23a07e1cef,debit_card,1,42.86
2b49d60af10ea7e2443376987ec8a184,credit_card,1,35.7
c047e1042ab337c92ea23d512b54c5bf,credit_card,10,444.25
a132f4bdf1eb9803546cef73ca7bd322,credit_card,1,69.16
683bf306149bb869980b68d48a1bd6ab,voucher,1,30
6df674fd09d933a85574460e32a94e23,credit_card,2,65.71
5795989efabaace15f06689b3ab3c4c1,credit_card,1,29.29
440b07cde0dc78d377c42d29845bcafd,credit_card,1,37.74
adc2f0c9fd838d820339f8220c1adf08,voucher,1,30
ad6137b47c7f7c1c621f4de13c3d5bc9,credit_card,2,145.9
f6e638ae1f17003aac1cb6dc6a93ba73,credit_card,1,79.88
c8f8f9f5df7a6ce2beaa9de85fbf8ca1,credit_card,5,108
1dfbde97fe9eccbac2db9ab2f3d45a9b,credit_card,6,348.74
6760e20addcf0121e9d58f2f1ff14298,credit_card,6,88.78
ac3143c0b6db91dd3ca4ab4d8a8243eb,credit_card,4,953.71
68051b9b65c4b30fc1252a2b69fe1d0b,credit_card,6,125.77
8a170c32858870f69d7a3477fcca9a4b,credit_card,3,64.05
242bc9216a7d8514ba8d435a96d63c3d,UPI,1,127.69
cbe9e2376e5d8de3c057ed58a638403d,credit_card,1,62.42
fe36a827e3e9e0a6f5e11b0be2055727,credit_card,5,55.69
a5fbd128ce1d7a0a314bb56704e0b4cf,credit_card,7,146.13
3be1b5820b7f93acc617a3b680f37c91,credit_card,5,349.99
5ad7d897998f9bab0176a1c82b7437ea,credit_card,1,91.28
b79a7395d3911e77688dfe966105a683,UPI,1,108.64
ef0beb334211d552bb4bbb9b43e60248,credit_card,2,158.98
b616f638cd86d92c7cbd06cf7484ee34,credit_card,1,20.75
a3670896f8c6f70396896223eb4ca8be,UPI,1,72.9
33f3e269b872b41e5f90b01a92d454eb,credit_card,3,543.83
6a26bd1a037993f1205073dbeda67db4,credit_card,2,67.12
c3fa73017c4a172907d79669eda248d0,credit_card,6,139.07
45da19cff07c4148ba32b1a6bb8d87c1,UPI,1,126.68
af045d3e5d7082db57d5b5dde3c0c97b,credit_card,1,41.42
ede510a059fd07ccec20bff19a227fa3,UPI,1,203.16
b4d7995506859f96187970c8275ee66c,credit_card,8,540.02
b9a8d194c52bcb022997d990bd402f7e,UPI,1,368.6
fa9ef315051f18a68686aca274ae8f2a,credit_card,4,107.78
94d2de9ad08d15bd3e714a984bd09bcb,credit_card,10,387.27
7711d25c50cf5322589706aaf0458117,credit_card,10,107.23
cf9d814ad8673ebdaec52528c1f7a7ca,credit_card,2,101.25
0930df388b21f34fc3f0e3baa9a73016,credit_card,1,26.09
cbb39c59f8084f27c248bd5c3a1cde7b,UPI,1,244.35
0705d1148d3c3d342f1a8c8ad33e5d3f,credit_card,10,117.85
415c8cb8b60f8371900c2abb3ce6a0c3,credit_card,3,171.32
35d75af8e37e575e033ae1a48c1236ed,credit_card,10,202.44
81c2a9cc7a5d970fa1cb04443002088b,UPI,1,73.03
cb666a5ed3eec739fae136c3da8552c7,credit_card,4,264.67
7a415e8280c3ae4d608481124c4f5d62,credit_card,1,68.7
bdd49e833a618b2e10096e4bd5725977,UPI,1,55.13
8543d2d86c69647af5e2d957c3d21b85,credit_card,2,92.99
e8f9288c671277ab525571871aef27cd,credit_card,3,36
38006c12e16c03c74e2eb3113e238e5f,credit_card,1,17.87
725bd1c01a213e4ac7999d74cc9da874,credit_card,1,58.38
20aa4f85b1ed8d98e5c742c1a003db9c,voucher,1,50
e11fec6c25945565c1ef4f14fc3c03b7,credit_card,10,1995.69
30f54cfb85a2cf596ee5b7a589d3ffa0,credit_card,3,130.14
604b550c04e61700ab7bcb2ac5b5ca53,UPI,1,710.23
8a0ecc540156c0f21f25d7bfd4e95dbe,credit_card,1,68
cc80504e2db2b7b744e2bfe2450c95d3,credit_card,5,59.51
91f377dafe157043ee827b080a27e3f5,credit_card,5,371.94
c75886866a89a0c9a04fbcd4699f3772,credit_card,10,667.99
fa625c35a56d989b379939bae9bc9b2a,credit_card,1,63.89
61792c6272346d7f4b7c5b1747df7b1a,credit_card,4,49.34
0913c46b1cafecb52e5a9a55b6c0e0fc,UPI,1,147
65bbd0719855fe808bb19f62dfa9f42c,credit_card,1,354.64
46c7c115d719ca780eebedf719fbd4e1,credit_card,4,59.71
83c55d64c56ad16ba3c0f7858cd709d0,credit_card,8,408.66
e899327a5964f4d29698667a231e6b9d,credit_card,5,51.66
5ff78652a040431e007c9349249d3503,credit_card,2,386.46
9bfe486cba6ba9af52af7bfe86ff9859,credit_card,2,69.54
8be031b84394ed99ee85be1985019058,credit_card,1,21.94
ac0da888b1077d0f40b33eea6de6297e,credit_card,1,52.34
ebee038c5993647eb1defc78207cd187,credit_card,1,114.25
c596d8640962b115481b374c7b881f6a,credit_card,2,162.83
394eefeb1d359eb230a22ba3bd68f072,credit_card,1,172.92
cccb62677b6ed93ec68f4428a0ad81ee,credit_card,7,81.72
b249bb5bc00cfbe2ce917a5a07c72b46,credit_card,2,151.79
c5bb91ea2129a21a4f424d356a4d28fa,credit_card,4,243.62
fd26702a3f7ee5d86580de591ff53e3f,UPI,1,56.42
22420f3718ef75dcddb4f03201096895,credit_card,4,45.13
019bdbaef5b5121c9b1811976aa510a5,UPI,1,108.64
e3c6bf3aad3a42c48ae9619ac88d0b3d,credit_card,4,64.51
aa4f33b236ebf41f573308022ef7496b,credit_card,8,193.5
ff5b7f440481674b38554434638beebf,UPI,1,110.63
968ce3e13bbc09dc91d26a2f0208d99d,credit_card,5,200.55
31026c762ccd760199ad552ea17e0269,credit_card,1,41.71
d74283a9b897322afe09916280aca43f,credit_card,1,54.43
c453fb0ec44f618a32abcad5c873d06f,credit_card,3,77.64
189ede25eb8522abcbd3592d08811f85,UPI,1,280.08
17b18aa0bfdcebddefdf2d7da5718181,credit_card,5,101.34
828c3114b783f896fba059433600c471,credit_card,1,77.57
fcf62e3aab276898567e4ab7e973417f,credit_card,4,60.2
a6afa7362f8ec053b0b61cdc8f1c8b25,UPI,1,48.1
940d83f3286808e4f8b1a7ac975b2aa9,UPI,1,76.02
238bcd7a2027e5f32fd185c264d73786,credit_card,2,84.56
3d7fb1dd6ff6f0eedb9976eda81e4a95,voucher,1,20
0f090dd2d83a9d755108584313c8208d,credit_card,4,48.16
60bcba6747ee878b9007f61275f4cd1f,debit_card,1,265.41
0ec392fc56b5d2e7e4279c19c51b6460,credit_card,5,127.53
96068d351a84dcea0b929884876e4fae,credit_card,2,128.73
c2f065051bb7c9e7f88ebc998f332968,credit_card,3,37.37
8cc7ecd8057b154fb9227536dba2ce24,credit_card,5,150.15
1fce50c1831b6809773e5020edc716e2,credit_card,2,36.16
3fbb598da3d544e640039c789df239b7,credit_card,4,198
f8aa20752115b536eacee3d561989f35,credit_card,5,112.4
5accb23a030458bbfb5eb669903f05b7,credit_card,1,35.4
689e8820798347950a2649f71c734bd0,credit_card,6,189.98
503ede67b27bbb1c7dca67c00af403a5,credit_card,2,228.6
87276b621cf05e7f2afee8be6c9721b6,credit_card,8,314.21
34dedd5cb5e0f12df565171392540a8f,credit_card,1,22.29
bea175d990526fa16d7d6d5ea071d065,credit_card,8,257.3
89ce68f38090867719b22774f8bf5861,credit_card,6,162.99
276971787e4550d908a7306c2fe79da3,UPI,1,51.03
0b3d8a1bbaa4e340e25adfd640f70308,credit_card,12,190.09
fb4c1eeef06c08acb4e63c9091ab5c6b,credit_card,7,374.24
9378b5fa3133e86bb44a365e66c24b03,credit_card,5,53.15
952241c48f34d58c23ca57964d413834,credit_card,2,88.2
93de8241002c099c87029b0362e5c0c9,voucher,1,25.9
0a629239073738043764cd721c8ab2da,credit_card,1,46.81
332e264249f30a888b81bffd7a84e03c,UPI,1,131.47
