product_id,product category,product_weight_g,product_length_cm,product_height_cm,product_width_cm
1e9e8ef04dbcff4541ed26657ea517e5,perfumery,225,16,10,14
3aa071139cb16b67ca9e5dea641aaa2f,Art,1000,30,18,20
96bd76ec8810374ed1b65e291975717f,sport leisure,154,18,9,15
cef67bcfe19066a932b7673e239eb23d,babies,371,26,4,26
9dc1a7de274444849c219cff195d0b71,housewares,625,20,17,13
41d3672d4792049fa1779bb35283ed13,musical instruments,200,38,5,11
732bd381ad09e530fe0a5f457d81becb,Cool Stuff,18350,70,24,44
2548af3e6e77a690cf3eb6368e9ab61e,Furniture Decoration,900,40,8,40
37cc742be07708b53a98702e77a21a02,home appliances,400,27,13,17
8c92109888e8cdf9d66dc7e463025574,toys,600,17,10,12
14aa47b7fe5c25522b47b4b29c98dcb9,bed table bath,1100,16,10,16
03b63c5fc16691530586ae020c345514,babies,7150,50,19,45
cf55509ea8edaaac1d28fdb16e48fc22,musical instruments,250,17,7,17
7bb6f29c2be57716194f96496660c7c2,Furniture Decoration,600,68,11,13
eb31436580a610f202c859463d8c7415,CONSTRUCTION SECURITY TOOLS,200,17,7,17
3bb7f144022e6732727d8d838a7b13b3,sport leisure,800,16,2,11
6a2fb4dd53d2cdb88e0432f1284a004c,perfumery,400,27,5,20
a1b71017a84f92fd8da4aeefba108a24,computer accessories,900,40,15,20
a0736b92e52f6cead290e30b578413b6,Furniture Decoration,1700,100,7,15
f53103a77d9cf245e579ea37e5ec51f0,bed table bath,500,16,10,16
1c1890ba1779090cd54008a3c3302921,Furniture Decoration,2550,29,24,45
518ef5de2c2b3a255e326a4594ba15d9,bed table bath,800,36,8,16
e3e020af31d4d89d2602272b315c3f6e,HEALTH BEAUTY,75,21,7,13
8b41fbc2b984a12030090112324d1bc4,babies,500,20,13,13
d03bd02af9fff4b98f1c972315e5e9ef,Furniture Decoration,1800,40,10,30
8ba4f2a4ae695d26e5626c1bf710975e,housewares,900,50,5,50
f6574524b07d5bb753bab6f35abe2d06,Bags Accessories,3600,35,25,50
c78b767da00efb70c1bcccab87c28cd5,computer accessories,300,42,2,30
a0253d43394dd4da9a5d7b1f546f1a32,computer accessories,740,23,13,13
051b9ff13dd55c0a6655a15ff296f80d,sport leisure,3600,62,23,23
47859fca9dd7485cbd93c3e8993bb74f,bed table bath,650,16,10,16
e1d1d22e9f8122a4ec1533b032c12562,Garden tools,2150,70,8,34
20e37962088a4061d3578def47a8648b,Furniture Decoration,800,40,10,34
1eba879220bd0981a0e2fbab499ed4e1,Furniture office,8950,52,51,17
ce5b91848b91118daffb3af53b747475,sport leisure,1388,34,9,31
5370b82a213393979691c98074265584,babies,7950,33,30,44
b8dac5113b06a97e64943234522572b9,automotive,6000,87,3,42
750cf819d127191920eda79a4b6fb479,electronics,263,18,12,16
e6af694343b45b56304ad91974a110b9,housewares,3900,19,20,15
680874c570dad71c0a2844cfbf417054,Furniture Decoration,600,25,25,25
8b3a9476f74f5297f7ff0ec6d95fe1ea,Furniture Decoration,2050,49,13,41
1c6fb703c624b381a20f21f757694866,toys,725,22,17,15
db46052aed7dff59ba38cf2fe29b87f9,bed table bath,6350,45,15,35
b864b103180d5a6a3f830e67f93e8735,babies,600,70,11,11
7a8dac4aaa16bc642e4df33adcf03303,Cool Stuff,11750,18,40,79
83b9bc6aae6f527ff6aafb9e01d6cbf3,toys,2550,22,32,38
5f504b3a1c75b73d6151be81eb05bdc9,Cool Stuff,15350,47,40,47
bbf920aa6ac72007a726e6f419156f8f,Furniture Decoration,1300,25,16,25
c3b7e4d83e530c27a8e6368296aece48,Furniture Decoration,850,69,11,11
c5d8079278e912d7e3b6beb48ecb56e8,HEALTH BEAUTY,1300,19,28,17
5eaa343860dc445b3fd43d1b682809fd,sport leisure,4800,60,30,15
b5cfb1d3c5e435a7a52227e08f220ee7,Cool Stuff,1300,36,16,24
334479e94cba98064050db1c9636e244,automotive,220,18,14,17
3fcd8dfe610c62edfb51de2630cd9ef4,babies,5700,41,17,49
4c8056caed5757810b9a68b83c3759e6,Bags Accessories,450,20,40,30
30e77af9e7759bbaa0305d2fbc605dc4,Fashion Calcados,2000,32,12,37
92bf5d2084dfbcb57d9db7838bac5cd0,telephony,100,19,3,11
fdeb34a9f03fea7c3937dd62d1d0287e,Cool Stuff,1100,30,20,23
1065dbb6b0bf03daaedab1236979e296,stationary store,1400,38,40,39
0d826eba8e0a2ae3bca9e3a947dd756d,toys,250,20,14,12
f8f6fd145cc00519283cf3100477b2b3,sport leisure,1050,25,20,14
4e04ffb7dd3739ecfc37de8927dd586c,stationary store,500,24,7,16
36555a2f528d7b2a255c504191445d39,HEALTH BEAUTY,1467,23,16,20
22937a73f92a33040ab4e2540355a5d8,Fashion Bags and Accessories,100,16,5,11
dc21247da0290904ffbbcd5953c76f95,stationary store,100,16,5,16
9020ce7adcc384b2899ae87ddc54767b,stationary store,300,23,7,15
bfc1d1c62b1f7f401d8d9dda962bb870,sport leisure,950,60,15,15
6fef6d87bb6c2eb11d57a967209219a8,Garden tools,250,17,3,11
1e5428c428e0f783acd6e3d94ba4ee2a,PCs,12000,27,50,53
94080f9219044d897195e2be145945dc,automotive,921,17,9,16
d0389f20b3d11de54e1e4561df147683,Casa Construcao,10000,60,25,25
3e9b58f1436820c248d3f98d7229bb14,Watches present,250,16,11,11
575c38b4c88fc7b35ef22fc8312bfe1b,Cool Stuff,1200,44,20,20
556702ebb73d3786a852ad3d5a8ad268,Construction Tools Construction,4800,25,8,25
a3a03c131926ec14d4c9f3ef03016b24,pet Shop,700,40,20,20
e586ebb6022265ae1eea38f46ffe3ead,HEALTH BEAUTY,1050,18,21,27
278b3c6462e86b4556b99989513ddf73,electrostile,350,20,20,20
0d009643171aee696f4733340bc2fdd0,perfumery,422,21,16,18
be1be330cf34043d1c40d6114cbd11b5,Watches present,317,19,13,16
07f01b6fcacc1b187a71e5074199db2d,Agro Industria e Comercio,16400,63,66,56
75b4372e69a42f8ae1d908c076f547b2,HEALTH BEAUTY,938,29,22,23
3569d4374a919941a50f57371b1dc93d,HEALTH BEAUTY,2700,21,16,31
a3c95dc653d9a279b160bc0179385ed1,bed table bath,1750,30,18,30
0992c6cba95a13bfa68ea7d5e22d478b,Garden tools,3850,29,12,24
b1eae565a61935e0011ee7682fef9dc9,perfumery,267,17,13,17
2734390ee304b0f4817b3c233094fc16,musical instruments,16200,55,40,40
32ee3f4e2493045726807808d7abbab6,bed table bath,1400,38,9,27
c2367eda4f9623d0355dc5d7796d857a,bed table bath,6450,100,10,11
7f34b85142d1ef9e077a0da9ada27385,Furniture Decoration,2300,105,3,70
c478b1bbf9ec8c5691f37ccb83187386,computer accessories,300,25,8,18
f9ecf420c38b90a8af8e7f70fd789264,sport leisure,600,50,10,12
3a6a0247ced9dcb444b46caafdcdd368,HEALTH BEAUTY,3600,20,20,20
adf591c625cb265c12bc6749d3a2f757,HEALTH BEAUTY,150,20,24,33
3e0f398b664b26e3224c79dbf435191f,sport leisure,400,16,4,11
64c8f1a52b407d92518a1f8b79240a70,telephony,100,18,6,11
af16005fca813272caf59c432153949e,Furniture Decoration,800,53,8,20
e6a1ff3552ba3305c1cf0a4dde50347f,automotive,5250,47,19,23
d8a405c732027a2af3187b031890933d,automotive,200,35,4,26
ce94e3c41145e28428cdae952a1fd7f2,Watches present,335,17,11,12
3f0f8de616df6efb39a48f3c64eea974,bed table bath,1300,50,12,12
6ddc95e87149457c4c5177b0a474a9ba,Furniture Decoration,150,35,2,25
a2e2851eae0aebb8ee4df32348b42e2b,computer accessories,367,16,4,11
723f62c36c298037716bf60c0ad0df3a,Watches present,250,16,2,11
b2b3503e675abbc07e278151da072ed2,Furniture Decoration,8500,75,25,55
c18c01e09509a509e2b88d3ed40c580e,babies,2150,42,25,15
a41e356c76fab66334f36de622ecbd3a,,650,17,14,12
e7cad5e8ed9b92e788262ad710c33bd0,sport leisure,150,16,5,11
c33d78b97260227119fb2b71be168fca,bed table bath,650,27,10,22
e8fd6f481db77b847e7ab93fa1510e7e,electrostile,2700,20,26,32
67bea89008edcb996cfe4e3d062b62a8,housewares,1200,23,22,16
e8e86cbab028363545a5bf0ca5e226ee,Room Furniture,6050,55,10,46
c12b64bf0861a27e0f06c36ef82f457d,sport leisure,150,16,6,11
6f0169f259bb0ff432bfff7d829b9946,Casa Construcao,1050,16,20,16
b6f3b8136ba8302906df7e11ff908751,pet Shop,1350,23,7,30
2be2be0a6a5916840503fdf50808ebcb,housewares,600,36,6,19
8efa775719397f78f79c8e5c7b0afbd4,Furniture Decoration,1000,30,18,18
9e87e3ee09baee5f5c0513ff37bc60ab,bed table bath,1550,43,8,33
a0abcee0132a5aed003d98e459b37698,bed table bath,2700,45,13,35
7f6308ba4057a6a740af7b4dcfb79c13,telephony,200,19,5,11
1eb4a9aee05c9cad041e09add2a26d68,Bags Accessories,800,38,8,28
8da90b37f0fb171b4877c124f965b1f6,perfumery,377,18,13,15
712a72a78ffb66cb6eee87eebbf54519,sport leisure,400,45,22,43
c5fb7fbe39f4e09e048ffbc5b28db49a,SIGNALIZATION AND SAFETY,450,16,5,16
f17b05cc8a7651896df8c30884200e9a,climatization,2000,32,51,16
55ec10b39713ee81ee2c5bcb558cf866,Fashion Bags and Accessories,300,16,2,11
c190c4fe582c5b7ffff586506de83f01,Furniture Decoration,250,26,14,14
f908df99196805b5bc4ada9ef510b11b,sport leisure,1950,60,15,15
ac5bae85a895724330c4acddd581b02b,telephony,500,16,15,11
d8dee61c2034d6d075997acef1870e9b,,300,16,7,20
cbaff83e2c00a2b731d27276bbf52082,Art,7900,70,15,70
ad67f74682943e3857eebf3ca2538d1a,bed table bath,1800,41,9,34
1e12f1836c1f08b25ef78fcdf76fbf08,Garden tools,900,37,3,23
acd427ee119d5c71c7a85ae488cb0a6a,Fashion Bags and Accessories,200,16,2,11
60cf4effb6947283fa638d570bd07318,babies,4500,80,70,28
51fed4afb1b41d00ad9d25a73b7fbbc7,Games consoles,250,21,7,15
bb09cce52b336261572a5a7e25a33795,housewares,550,16,25,12
65a6462e42e05ab3b8dc613566736825,Bags Accessories,1100,39,12,28
f2396540fbfac27b5117f0dbd6744b50,bed table bath,3600,40,20,40
70d1bd3a042448105a71d0b41ecbc96b,Games consoles,100,16,3,11
0075c14603d80515e20908c156ceb47b,sport leisure,150,16,18,16
5a42f73d92034010a4e00360fb0df099,sport leisure,3775,18,13,16
bcd58b852a3b0152b6b384c4e4474ba2,Cool Stuff,1400,25,20,20
2bfb0bdbcea77da2879f0ef3be9a219e,Games consoles,900,22,7,18
87fb220044e9aca16fbec51c6c997aa0,Watches present,250,20,12,20
484bf1dff778a416389aafd0dee1cb11,toys,350,21,9,16
56139431d72cd51f19eb9f7dae4d1617,,200,20,20,20
3cef8174403f4fdedbf24fa67fa9f132,babies,1800,18,32,27
003938452c98ff9ab28e9e7b4bfe97ab,Room Furniture,5050,50,8,50
8d6cb00151d423c52855385c89f0bae8,automotive,27100,50,50,50
5877301b00f95e3c6118738b293dfab3,home appliances,1500,65,8,38
e0bbe6292471ff5ab3752414baf78111,Watches present,500,16,11,11
dd768d259ee6054e0dadd66c8e2be0b6,bed table bath,350,16,10,16
fc2edee55f4118969f4dc49f7a717605,automotive,500,16,12,17
b521fddf2c8a7e7d1791bfb3c1b2f278,sport leisure,1000,20,20,20
46b48281eb6d663ced748f324108c733,,18500,41,30,41
db7e6804f1a8206a7e51c9a741a09d9e,toys,300,24,11,24
50556c630443502c11acde1c320fe278,HEALTH BEAUTY,250,16,2,20
88d2c501ec765f5d7e8038fa6aab0e62,HEALTH BEAUTY,10700,40,40,40
722fb67c17907e21734449c091420bf5,housewares,1700,32,21,22
43b6d9e46e1e6b8ac743a1c31e462937,Garden tools,7700,39,28,25
1ffe365aa7583189e63f2fa4f060b269,sport leisure,5200,20,60,35
3014e35fd70fce29095ced5cdc89f4ce,telephony,125,17,10,14
e869d449cc32881790ef9af9b4c670f8,Furniture office,15700,58,28,58
a1b3a75aaaee5c9a683f2266c088f720,Watches present,350,16,11,11
7fdbc1ecf5fdf5c98d9b14e110133eb3,sport leisure,213,16,10,13
15b3d40f375c0645c1eed4ed1cd8e17a,Fashion Bags and Accessories,150,16,11,11
1cf39a397efa955b102a52ee7ec5531c,automotive,18200,56,15,15
f9471562478eba8761bc985b968a0092,housewares,850,18,21,15
e96bac5656eaec25f3d76757fa16d9d3,Casa Construcao,1050,16,20,16
16b06ede456b922e56fbb4b3818aa875,Fashion Bags and Accessories,200,16,9,11
c7147724cd430269c6296fc758c0a086,housewares,300,16,15,11
dbb399a8be7395d5b136d49fcdce13df,computer accessories,200,23,9,13
ed46d1fbd7bf78ce79910c09fb892abb,sport leisure,800,20,25,25
d458378a178cd7cae60052319cebf235,stationary store,200,24,7,14
596363933adf57df745ecbc8afeec226,sport leisure,698,46,10,14
4473f3e5c65952b074ef987fa5c24662,telephony,350,17,4,12
8c9faf6aabee9b2a30b83f92d786f6de,General Interest Books,1000,24,5,17
8e71b24c3e25a92fef6176120a67fac7,computer accessories,783,21,13,28
828fe032935d7c1901682e5b6cc076c2,perfumery,600,20,20,20
19502a282608c5627fb32e22724727fc,toys,11650,55,30,30
df473738565b52f77b4e22b328b41576,Construction Tools Tools,400,16,2,11
657491063e8a63247a108a4d9cedf020,toys,3050,40,10,40
a388f2043ca885de714453e4fac616e2,telephony,100,16,3,11
4c6018f41a6c2e5543cc034e94f5ce5b,Garden tools,16500,40,25,26
a85543a371d5cfafedb80a8177a692b5,housewares,750,34,14,24
6b017e0d95d8765a6f2bed3bc272c61e,Fashion Underwear and Beach Fashion,250,36,4,20
6d14f72afff32795290f2df6507f063c,Bags Accessories,2300,84,14,20
75b433ca888fe027b18dfac89a284667,electronics,1350,33,12,26
9aa70106d14b83c7ad033592870b2b30,housewares,530,17,20,20
42fe4aefc7e8a45dd96a59af81dd3fef,automotive,1300,20,20,20
a04cf12934a318be6550b1aeab938bf2,Fashion Calcados,4000,57,14,36
224703229a7c966a5b191651e1561be2,sport leisure,8150,20,20,20
43724b27731595d954e911f443fb1cc4,Construction Tools Construction,2200,16,2,11
b29ca3d3127057c43ef4b364bbe360ea,HEALTH BEAUTY,1150,20,25,20
5e21d5cab5d33e770d8150a4ee6117db,Watches present,200,16,2,11
55610b8b7d48294e69fc23f513dfbe98,Furniture Decoration,400,16,20,16
68bfdbfe84f03af17733b10362f10020,Furniture Decoration,600,29,12,23
5fb61f482620cb672f5e586bb132eae9,,300,35,7,12
a5bc1334f1762ce0a844f3f694dc08e1,bed table bath,1200,16,10,16
701ff123e9085dcc9c2f833efded6374,Cool Stuff,10664,61,63,35
73b499a2f5002c0a2158a478cc5a096c,housewares,1800,50,12,36
42f14eda412436b96cde4f4025ed5f25,sport leisure,500,16,2,11
47969dd948e918289f809be899ddfb4c,stationary store,258,19,12,19
446295cf6f689d4db477145815362608,stationary store,1400,16,44,37
280c05c66173c2b377f3e449e33abc6d,toys,400,35,7,35
4a96de21ccfb22ebe1c56992acbbd7fc,climatization,1300,30,10,30
c45a1de8cdb00af9ba1f3c097561b77a,bed table bath,1000,30,10,25
1b37262ebd1307a6c9aab9aca8584e76,pet Shop,1300,30,10,18
04869307f7e7dc5b07f1d83406ade1e5,toys,3305,38,36,19
8bb6ace4cf2411747ea1cfecad5a458d,babies,6000,75,15,50
21db47f6493b06e8e7fc562ec9890e77,computer accessories,300,35,5,25
f4d705aa95ccca448e5b0deb6e5290ba,bed table bath,250,20,2,15
bbaef2eadf31fe3ea6702077398be06c,perfumery,400,18,11,11
3fc3d637781e5d185455013606a6e2cd,electronics,250,16,10,30
21d325f98c6505a72b1bcf363f3d3f88,toys,1250,29,19,22
f6691c7e7a0c12d28003c97608dfe605,Fashion Men's Clothing,950,40,6,40
c615805546392ec3b8a20c6590c4d400,pet Shop,2000,30,34,17
6e9c52b407fea24064f7ab2b144fbf8c,babies,13575,71,81,44
e07f6e9343cad06f34d0a7a09eeac4d7,HEALTH BEAUTY,667,17,16,16
80fc21f90a43fdcfc623f11f5457db10,Watches present,267,17,11,12
9cafef108028ea326352e901a8b729a7,bed table bath,1750,45,20,40
dd783a33bc94bef9c728611320d559e7,HEALTH BEAUTY,150,16,12,11
ec019a7e1feb42072e2a07b6317c7edb,toys,10550,65,7,45
20424e1f503b9ceeeee60b717b11ec36,housewares,1725,100,35,16
795ed173180b101b114960e572d2181f,Bags Accessories,700,45,10,31
40a75445dcf4958b8c9b3dac6898094b,sport leisure,400,34,16,16
fff0a542c3c62682f23305214eaeaa24,stationary store,300,30,10,20
21419fbb5e6e21591c1dc83cb75aec07,Casa Construcao,5850,60,25,25
d801448d8cf48fd15a66dc8779d47241,Watches present,267,17,11,13
d1fbb5683c8e93f314d0f2bf40d07761,bed table bath,1500,39,12,25
4e7f36f28c51e114a343625b628dd429,Cool Stuff,400,24,16,14
58bef3ad35aed45b92cf03510e6cf5ce,sport leisure,1300,31,32,31
532d7f19b8005e415f5b98a1cf4a8690,housewares,400,16,10,14
aedb7e30007f6051c5b3f97156b0848a,Art,150,25,2,19
c752f2bc46ad4b389290cf5828a1db62,HEALTH BEAUTY,650,25,13,14
7207700449f2433076d70a5b1c004eb4,Games consoles,706,32,8,38
582dfc3697c5f834a5ddf28460ba9222,Fashion Bags and Accessories,300,25,10,25
54910b8287ecea5f93a008ebfa94a15c,bed table bath,4850,75,5,50
ecaae002060173ec59f5b168cbd55d70,automotive,825,20,24,15
9e48435521202c8795e21ac42efcc761,computer accessories,600,46,3,15
f46c384460008df0071849d01b39834f,sport leisure,700,23,9,11
4fe53f6c123977ffa0dda91a2962c9e8,Furniture Decoration,300,40,10,27
7aeb83cae61b0e94e6426cba2598ad9e,housewares,1270,17,14,17
3fc23ad64a8ee1f1451c8c44932c5d22,Construction Tools Tools,450,20,2,11
e10758160da97891c2fdcbc35f0f031d,,2200,16,2,11
dccef777bc505f2eca720502c209988d,home appliances,150,18,8,13
b6be875acca0b4862cae6479c5d9e6fa,Garden tools,200,16,3,11
84e1b9c6ba2ed178bd217097b41f1251,Furniture Kitchen Service Area Dinner and Garden,10893,33,88,44
93c285dad77a797cf2193ead6afbe107,housewares,1800,25,7,20
1ba7948f3aa31cdaf78a4885f3c5385a,toys,1220,20,33,22
6a61a5d77a8571a0646e8c0f75f572f4,HEALTH BEAUTY,360,30,19,22
0e40b1ed4cfd3da1962ec91913e54ba8,electronics,175,22,11,15
2de8789bf8abcd2f6c7866f9429b1986,pet Shop,1900,50,13,70
d394d30215872be4cda2c67c1ce5b981,sport leisure,250,20,20,20
9181a16945ef449aa81212d5139945ec,babies,6950,85,11,50
b166907a5770631b7deedd0891b1b7ab,housewares,1100,55,5,40
302a19dacdbb5ed2f74f9dee8126ef79,babies,300,17,7,24
1fb2c1a0d7f863e0644077cb5d8f80df,Furniture office,16500,58,28,58
0a17941f41b99d2f070fab54b458a4a4,Bags Accessories,300,16,23,19
98190f6a2c3253d07ca86525bb238162,electronics,1836,61,6,24
a18a23a783fb7576a8f0f6fbc2ae2b58,HEALTH BEAUTY,175,18,22,16
e2c3ed9aaddfd2312a6a5fe9b3ddadd3,toys,675,22,24,21
71c808620fa8dafbe6cd6c638cc67567,sport leisure,200,26,5,20
25cdef5b1428725aa16b8b9a6fbd72ca,Industry Commerce and Business,1200,30,20,30
a1bf559ac1eab015ba992bd76d9d76c7,computer accessories,200,39,2,30
3b82733180834cc02658403163260204,Furniture office,16100,63,61,24
eca3036ef7ba11b3331c334b7053fe13,telephony,117,19,4,12
6b75ce117b8fcc75289cb6cbe589de6c,fixed telephony,455,36,18,27
23ab7bb9eac81e85ec43ed71064cf7ce,bed table bath,550,16,10,16
5cfe07a11fd4f35d3c5ca21cd60cee6e,Fashion Calcados,750,22,12,33
78119fbfa709d07b86f5ccf15043c6d6,Cool Stuff,586,18,11,13
9138555a5066b7f16bf15e75c7db067c,Construction Tools Illumination,540,16,27,16
1ec5373950b7877c5de483a123223810,sport leisure,3700,30,20,20
34607082301052079a3bffcd12c5ecfb,housewares,3150,30,17,30
4ceab0364ce2bef8363b89f4719bbff7,bed table bath,2100,53,27,40
c9fe02894880831f6f28d5ac212d036f,CONSTRUCTION SECURITY TOOLS,314,20,19,18
3c883b9d3fd2d0ce448d4136349dc0a4,bed table bath,550,23,15,23
98d0e0ca6213edc063889593a2475e36,automotive,13825,70,35,49
f2c1df0fc307ec60e3321c708c1dcac3,bed table bath,850,40,6,50
622d3b263cd40b06e1eeea144fb83f19,babies,250,21,4,13
15cd31f93b25e5a517f05b1af31d353f,toys,400,20,20,20
cd7701670288642f7be9437dec9034c1,perfumery,400,16,20,15
3519403062e217f433e0bbdc52e0b19f,Games consoles,200,16,2,16
37dffde0476450e75dae423136954b0f,automotive,250,20,20,20
d68bd4dedccc5545b1ff6629de8fb021,computer accessories,1950,17,11,12
e4c0d69bafff0157f574aae9a147a8c1,Furniture Decoration,300,35,10,25
b6b4ab44d1f3c2a645abbda76af2a993,Watches present,1050,30,45,11
d19d6968c8fa843da04bf9c9d23c312f,automotive,400,16,7,11
de984954e2e130136bcf8988bc973d90,musical instruments,1000,56,9,22
c6336fa91fbd87c359e44f5dca5a90ed,sport leisure,150,16,16,11
d10abea506594de1dd5ea21851f94062,HEALTH BEAUTY,700,16,16,16
4bae12e58c9b828e1302a2cad437b80a,Games consoles,450,17,7,17
aba0932cedf32b2a7b6b832f11769613,HEALTH BEAUTY,2000,30,12,16
f777c903946dd86fd00cd5b32ec3e907,Construction Tools Construction,21400,20,20,20
39e3b9b12cd0bf8ee681bbc1c130feb5,,300,16,7,11
2e511b5741ab14e7f5294df6f1310b03,computer accessories,188,20,16,15
74f250adf8f41738ca96718232a41499,Furniture Decoration,300,16,30,20
f16ced867a24a244afefb5b867f337df,Fashion Bags and Accessories,13600,26,60,40
1ce0e963805e3c170485768e8b09fe65,Furniture Decoration,800,25,25,25
794de06c32a626a5692ff50e4985d36f,,300,18,8,14
a530b23a71594d0d986a30359e207762,Furniture Decoration,1400,65,12,12
d294bd539d8c70342149beb38b767afc,Watches present,650,13,11,12
fe9184887637170f6da65623475d6a66,Construction Tools Construction,600,26,17,17
3da6f3c6c1ac8c36ff45b1a493a44e82,Furniture Decoration,3000,69,11,11
8a4667ce8c036b0d54dd65a38298bfc0,Bags Accessories,950,46,10,33
26d114f0b4f14f5e3b3db0e211019777,Furniture Decoration,17400,42,35,42
ef22b718807d8b96162d9b021912f178,Fashion Men's Clothing,300,16,2,11
599e5320aef0c7dd9e3fed9b2f673d41,computer accessories,700,20,20,20
acfc0fd945c522a0d2266d45bcdd91c6,pet Shop,625,21,16,17
2029248294c186017ecfc48cecd47bbd,Garden tools,3250,32,14,22
e8f22df5fa5b454907286aa61d6216a8,Fashion Calcados,1500,22,12,33
4da06dee0a480b5d666886ea00b4d9b3,bed table bath,250,32,3,23
39d5f0edfbb6ee4d1c524dd620c0bc7a,Garden tools,425,31,6,12
185013b2b9237c14bd26a394d9fda023,climatization,150,20,8,13
3d1e658dd7dc71b44b125bdd18236fb3,Furniture Decoration,350,68,8,13
5e459bd31247ee46fa95b09556600a6a,Fashion Calcados,300,29,7,16
bb31a27a0b24236c8ce7e0c6264c51ec,telephony,100,19,3,11
99a5e7a2c16478ff3f0ea9c20eb2820f,automotive,550,16,21,18
8a2d3285de64b2117fbf83784acd09fc,automotive,250,16,27,15
fdac82e439dafa5f87a9547581532380,automotive,1000,26,40,20
b3f29e4bbae3c829f7c4231074c307ee,housewares,14850,35,102,35
115bc0865dc675638645e1ab5311e30c,babies,850,42,25,15
e71ba6dc5ef4b3bada7ee8d17304d31e,Games consoles,1850,28,14,19
062597771ee91356ea34084f28c03a4b,Fashion Bags and Accessories,300,16,2,11
8d51190d4e52d32e6abf3d0551501114,telephony,200,19,4,11
10d43b23591dde746f32fe6a7beb5bfb,HEALTH BEAUTY,150,22,3,15
b0cd550945da1de6eb9cb69595d540df,sport leisure,900,16,16,16
e83ded7d97b96d338c4e72bb1ff7676c,Garden tools,1900,44,19,19
ce130b350f529a1d6288f927da7404ea,bed table bath,1450,45,10,15
c04b8195870068ff5c495f269a0bc993,technical books,1100,29,3,21
454157d7294823cc44ad21d4fe31474a,sport leisure,200,16,11,11
f0737b524fe6b57f2ad4f174ce23a62c,sport leisure,12600,20,10,20
bc4a074ab7a7ff14e98fa64671a79dc0,HEALTH BEAUTY,1450,25,25,16
6c3fc3c928cf7d57418923ffea326d9a,Cool Stuff,800,42,25,15
dc582e9ac5036846acfeeb3093b17aa7,perfumery,1300,22,14,14
e84fb20fe338824c220166d3cd562cbd,HEALTH BEAUTY,150,22,3,15
3c2f792f1041177a81913a977431a99e,electronics,200,20,20,20
bcad5b050c241af2fdc24c51556b297c,Garden tools,11450,23,43,35
0d8c64a12c0e49b2515674c031b965a1,Furniture Decoration,2200,20,20,20
e5d860a0fff2e94bd1a406456cc6c4b3,ELECTRICES 2,13200,66,19,67
eca26be90d3b3454dd69a13a05bdb46e,Fashion Bags and Accessories,200,16,2,11
c4344f6de69a96da8febce3f885171f0,Games consoles,150,19,11,11
f092eaa771e3dca0bfeca32b5c9d5669,musical instruments,3350,30,30,30
debefa981200019b8c4a45d0176125a6,bed table bath,2200,42,11,36
d0877f0094337c414d23f5a3c7bad20c,Furniture office,30000,50,50,30
4ed86bcb86407328452ac1c5b3b89d67,babies,500,30,8,35
e117ca2a90cfd40b93450b0b60f834e4,bed table bath,1800,45,10,34
7af3e2da474486a3519b0cba9dea8ad9,,200,22,14,14
4c303e0fd131aa3fe487c108b5aa8c06,party articles,1300,70,11,11
63f7cd79973145c9e6bb11c5fd03e82e,Fashion Bags and Accessories,150,16,9,11
a2bd2eae20998a24c22b110334928b02,Bags Accessories,700,19,48,35
55103cbbe0851d3a303a022cc4140628,Bags Accessories,2900,40,55,30
f97d74310019b255120e4316f4515d74,Fashion Bags and Accessories,200,16,9,11
3d649f0e12c7b5f9ec7e00f538cc13f3,HEALTH BEAUTY,300,16,18,16
9a5a361f3cd6c280f6bf4ffb6207c51e,stationary store,200,23,7,15
c354569eefd558bf201d0aedf35608ed,bed table bath,700,49,4,50
7f383ce1a13d3d90e3d6074557ee8deb,telephony,200,17,13,16
f2a1b32f85cad59ff2a8444154ac25f0,climatization,7800,105,10,40
5027a29c73fb3aa5e93eae6867c9a2e7,stationary store,550,16,4,11
457c5f8a59156ce6315753d8d788a16a,Watches present,200,16,2,11
3eb0cd17f2bfe15716e113962806a5de,bed table bath,1000,30,7,24
76df076d70248fa44de6ed8c31a1a9b5,stationary store,1000,26,8,33
7683fe3e73bd7af6d0f6a6ed497cb04a,Construction Tools Illumination,1450,60,5,30
e63e00cfcd91a5b34c13e2134671e842,Furniture office,5850,45,55,16
a77e6c93242ae050800cb3e5b98c2fcd,babies,8300,45,25,45
a1e9b0d76a76ff474f4a4374fcfb8c42,sport leisure,1800,28,12,18
1dfb36d969d347f56f43590ec42c7b8c,sport leisure,900,26,6,13
ae728f68e1fe806253238e93f2bfc324,sport leisure,415,19,19,19
a1d17216996bf0cbba886f91bfd31c77,telephony,103,21,6,14
22776ebd2bfdf5f55499fd324862a673,automotive,500,20,8,14
6b5af19067eeadc0f331687a79ca656b,stationary store,600,16,6,11
c72a1a8c3bbe15206d1880cedc7bd791,computer accessories,4750,18,22,30
f14aa2ba817ef24ccf7f99c0ccfab59a,Watches present,263,18,15,16
f2d80346f1dd6986e9e6611db7b708aa,babies,50,16,2,11
1f64ec386a6be322e71596931f5d2377,perfumery,200,16,22,11
b97114b2893e68400ae867459b491bcd,bed table bath,360,36,6,26
ef6aa884e3493fd38cc8ee47d8d79d10,Cool Stuff,150,16,7,12
769cc5a32d4e6c7710013f35a73d45e9,sport leisure,1100,32,5,30
e24f73b7631ee3fbb2ab700a9acaa258,Fashion Bags and Accessories,2250,22,15,20
0417855683de23ba1e20e8a358a5ac7c,automotive,1475,68,9,35
11dc4053871ff53ff79fb1fc7e6b160f,sport leisure,1600,100,7,11
8729e9bc4b7f0422448d80ed35ae329d,HEALTH BEAUTY,1650,25,30,20
eced39e6c33db4b865ea46d12dde67d8,toys,650,35,10,15
bad5bc36e62c12c840045474c6dbe021,housewares,900,21,34,34
afce90df29b9a0c1bfe5e1033f1197b1,telephony,75,19,3,11
06efa56b8557e1efcb2c107f55d1a8dd,Garden tools,600,19,7,14
fa9cf28beaafe4f4bec59550f6c76481,Furniture Decoration,400,35,6,15
0bb7cb61f1957f79dac582ab66ccdc1f,housewares,553,18,9,15
ad19bca6e0f1919433d7e21d534ddb50,General Interest Books,900,18,25,16
334995514673fb6bae67885458b52984,housewares,250,25,25,25
95578be74a242e7a0eae084908bbb5f8,Furniture office,14900,58,28,58
288d91794eb2b14fed9ed5e469cb87c3,bed table bath,1100,16,10,16
f72379337062680ca5a2b7b0275913d8,Furniture Decoration,2050,30,22,18
24f9f99148480cd31288ed4e7d962e15,Furniture Decoration,850,69,11,11
4c505e52bedf9651c08793647c925e65,bed table bath,350,16,10,16
77c0d362526797bf132aaf564b1e436d,Garden tools,1400,20,20,30
c23381297fa734ea441a15d723199fb5,computer accessories,200,20,20,20
8b6a57fbcf171e0a44f97af7af858939,computer accessories,617,17,14,17
78bd107dbc2f94f453c1bac8d2b4ede1,housewares,2600,16,41,41
ef76ea9ee88ad60b9680c7635f2baaa8,drinks,200,20,9,14
c8a0fe4fb537a7864e6aca0477a6da9c,bed table bath,2000,49,16,39
6bb81626d06fafb4d7eab61ac9ed70c6,HEALTH BEAUTY,266,20,8,18
9339df4b551cc289617ed742b9af7925,telephony,200,19,4,11
09c3d39641970009c198caed304ccfc4,babies,300,68,7,13
7130a7cfbe3bb2f11f6524e0cec6eafe,pet Shop,300,16,16,16
76fffd0056ad48fbddac939c05e05cff,Watches present,200,16,2,20
e05646078b508ff048d63d3af7775ca1,electrostile,1300,20,16,20
15571dce56ff7d152dab99a0bc8354d5,sport leisure,482,18,11,16
c571bd52d56c393e52b38a593da5950f,bed table bath,550,16,10,16
2efbce46d36d9af306d4300db163b276,HEALTH BEAUTY,270,16,16,15
a453b4ccccf554efba31d5ada5a59a60,telephony,300,17,4,12
0d79e2972015716ede4fabeb5b60f8c6,Market Place,2150,40,25,30
2068e3435a38f6a3cc95ba89a96378ab,automotive,3300,35,20,20
28e410092e56a080e14595c053d0bbe8,perfumery,200,16,16,16
c5c66926b3f964b8cf9e7dfb1150d13e,sport leisure,200,21,9,13
3488d2ce36e718097c1509444289ef7f,perfumery,514,18,12,15
a0ff95d002b9e836b60b47e97a200f93,Casa Construcao,3100,38,28,28
068ceaa8a3d9d385cbf53d5335f89f80,housewares,1200,27,18,23
a7b42937ab954b0e03bcf6cc35209940,sport leisure,250,16,10,16
fea2f92877b647dc07ea8e3f4aa2cf3f,toys,7400,45,29,53
b52e7c92200ed9874e77bc09b5ed4d40,La Cuisine,7600,55,15,55
a8bb7885faf316d9a5062d42d2b2fba4,sport leisure,875,40,26,20
63f52009dc3ddb733394e80183aed0f0,Furniture Decoration,700,35,7,27
2de11f4242720888f88ebe396a8332f7,Furniture office,900,17,10,15
62224b433a431310bf27129938ad9f64,sport leisure,700,49,12,27
b2083bcfc8768380dd0e31d612e96d08,bed table bath,1100,16,10,16
93719014f156d3fa9e0511cd0ab96315,Cool Stuff,1150,28,10,25
f86faff2fff9d021e363dc81bfd16930,Cool Stuff,900,25,10,25
629beb8e7317703dcc5f35b5463fd20e,,1400,25,25,25
5563f6b699b362e1bd6a2e1e650f52bd,technical books,2050,29,5,21
7e437c1d65a7baab7e7ca6c9f4e98b84,HEALTH BEAUTY,2150,28,32,11
012dd0e1c1f14325ee35f06748329355,HEALTH BEAUTY,490,30,5,25
b72e63f4630dcaded1689b28efa4c583,toys,1000,30,13,30
e791e580a2421e4471aebb0629c705c1,computer accessories,200,16,4,14
aeeb6146e21d11416d01b0e03c2de06e,housewares,500,19,13,20
e91f30f35875789d4b7d14610aa88c15,bed table bath,500,16,10,16
3a78f64aac654298e4b9aff32fc21818,,4300,30,10,48
ff7ac89ca5b77d0fb5f8a65262d73956,perfumery,1000,20,14,13
1684f99c7e0e67403e52a7783366870f,automotive,4200,78,4,47
7715f7da32957a84ad267799121a90e2,perfumery,350,16,11,11
ac1290e4432c1f2662b71ac47da47691,telephony,125,19,3,11
b23cfa104a0f297458ecebea590a33d5,telephony,100,19,3,11
5b488b474a4f2519b7826390b1873a58,housewares,4100,51,31,31
ce8a29973a1fed3f8d22ea5514d9ea07,electronics,200,20,20,20
4c7d111494b1116a2bec5e2d940e3439,Games consoles,300,23,3,11
4803f125e17a7b5fc363202349fbf14f,housewares,8400,50,28,31
7db409a594f815ca2267b5383d139ee7,housewares,1550,46,10,35
8fec581a22f1e87d7e0f0a0da4626a82,housewares,600,17,17,18
2ac6c3f94b62b0d60ac5b907bdb42cd4,Fashion Bags and Accessories,200,16,2,20
ad0e74d7a7848008daa87492dff8db9f,automotive,500,16,21,18
65ded196f8f1dbea9916be9b6fcfa0b7,Construction Tools Tools,1250,22,17,20
a4944a8b60acfe399f15f45892bc5639,computer accessories,667,27,19,20
a314a62cff3e5725f545fa263aed7a7b,bed table bath,300,40,4,30
f159439c5c382fae366d444e05c590c1,perfumery,400,18,18,12
083178fd17a5d863811733e46fc529ef,sport leisure,450,25,25,25
8eed5d27f5b8c6248731efb4782f6141,automotive,2800,16,2,11
39fab2af0c4e38ee29c6b8e05c81f93a,Furniture Decoration,250,20,6,11
70c325280f670aee445babb3400cf804,Furniture Decoration,250,35,5,25
f3dadecca4b876a315481c79b8adcf16,pet Shop,300,24,12,12
bcb815bba008d89458e428078c0b9211,,150,16,2,11
e3ace35fe59021565fa9989acfdf8f3a,Furniture Decoration,1000,35,25,25
f9f899bf492ac59cf645a6c93eb91e05,Furniture Decoration,6267,36,40,36
590d6cb76092faa04d717fe406c66f88,sport leisure,2653,53,15,36
f0e14d7b2230a53543506024021cc3ef,Furniture Decoration,3000,69,11,11
c01cc7b6054e22d68972a35df1e0c249,automotive,8500,18,29,13
2ca9132c1c90ff5060c3ff9047904e5a,sport leisure,2120,26,25,25
2043cae78c8b731c405c7329a05154b2,electrostile,750,30,30,30
89904bec271974d069685a6568091c8a,HEALTH BEAUTY,200,16,16,12
3bcf64d8d26d6e06bd568d27fe31d8e8,bed table bath,1650,35,20,30
47de5f36ace720b578ca1b30d0b45b8d,computer accessories,900,26,13,21
97250c682244b5b6618aec504ceb9656,housewares,150,32,5,16
df1ff6c9a263464ba1ea7cd3de5e8633,housewares,800,31,5,21
603751cec205d947f27ef1ab32b7fb26,Cool Stuff,700,20,20,20
17da5d80ea0eeabd565083183027d588,drinks,700,20,20,20
b5d214651360e2d58e13b48ae69c6199,babies,10400,100,23,27
a2f4e28e50f60566eeb99f842ffc0fd9,musical instruments,5850,40,9,105
9d0a2db5144d569d5ce5375bb0f4de36,bed table bath,75,17,12,17
41ae9f1ae64408cbe2b980a3227f04b3,stationary store,1000,27,10,20
8f9dc141063eb39ea09a9df984895c50,automotive,1475,32,28,28
05d7deab2f99410d5fa21a75deaa1fad,Fashion Bags and Accessories,750,36,18,36
84a77e7e0bd4806ffd493e8a8c37737d,stationary store,3600,36,8,15
1fd78e3ef5fc49eddd84e82c035b682c,Furniture Decoration,2200,28,28,38
955821b9200f75f399d091f381821044,home appliances,150,20,13,15
32e12dbd1df2c2b6831ba26dc8325d1f,Casa Construcao,1750,30,20,30
48aaba1523759485364bcd94f4d4c4f5,sport leisure,1300,44,8,30
dd2ca29c9d0f93d3b1d28d7d7ee3025c,Room Furniture,7750,33,25,33
cc95f2435cc780a6992154d6a29ff226,housewares,3100,32,26,21
1c36a5285f7f3b1ed2637d7c528ce5ff,Bags Accessories,1600,55,37,30
d899300bb0834fde956e80ce7ca0c958,Watches present,350,19,13,13
9f22d89800e8f59f79d50aa9d732f5e2,HEALTH BEAUTY,888,18,17,18
7486c1fa8968fae4af4c32882f72dbe6,computer accessories,150,16,4,14
80a96c144008b8446632f872d3b1a3ed,housewares,1025,25,23,25
46a44fef61c4835cb2cc8f39f0ce0752,housewares,250,20,9,12
d2fac83bdc41acb845baf953df64155a,bed table bath,450,45,15,35
dbb00dd9b017066946537423958bd4ea,HEALTH BEAUTY,1000,16,12,13
b2cadfc2d6da74fba3a372470641ba61,housewares,400,16,9,12
bb8248b78690e295b4978f78009e4b94,telephony,150,21,7,14
3931aaf38ba4cc928100541ff51b82ff,computer accessories,400,16,4,16
8cf7e354e6d9f04a09f4d59bc77dcc8e,Construction Tools Garden,9500,56,30,28
1a986b4015f20a3c26d8573a46dcf65e,Cool Stuff,300,34,5,27
